,HKI,PSL,PSL,KÄP,KÄP,OLK,OLK,PMK,PMK,ML,ML,TNA,TNA,PLA,PLA,TKL,TKL,HKH,HKH,HVK,HVK,KVY,KVY,RKL,RKL,HNA,HNA,KRS,KRS,SAV,SAV,KE,KE,KYT,KYT,AIN,AIN,JP,JP,SAU,SAU,PUR,PUR,JK,JK,PLP,PLP,HY,HY,ARP,ARP,RI,RI,R702,R702,SAM,SAM,RY,RY,LK,LK,TU,TU,HRV,HRV,HL,HL,PRL,PRL,LTS,LTS,ITA,ITA,VIN,VIN,KU,KU,TL,TL,VIA,VIA,MAT,MAT,LPÄ,LPÄ,VTR,VTR,SJ,SJ,TPE
0,0,0,2,2,2,2,2,1,1,1,1,0,0,1,1,7,10,10,10,10,10,10,10,10,10,10,10,10,10,10,10,10,10,10,10,9,9,9,9,8,8,7,7,7,7,8,8,8,8,9,9,8,8,8,8,8,8,8,8,7,7,7,7,7,7,7,7,9,9,9,9,9,9,9,9,9,9,9,9,9,9,10,10,10,10,10,10,10,10,11
0,0,0,8,8,8,7,7,7,7,7,7,6,6,6,6,6,7,7,7,7,7,7,7,7,7,7,7,7,7,7,7,7,7,6,6,6,6,5,5,4,4,3,3,3,3,4,4,4,4,4,4,3,3,4,4,4,4,3,3,2,2,3,3,3,3,3,3,4,4,4,4,4,4,4,4,4,4,4,4,4,4,6,6,6,6,8,8,8,8,10
0,0,0,0,0,0,0,0,0,0,-1,-1,-2,-2,-2,-2,-2,0,1,1,1,1,1,1,0,0,1,1,1,1,1,1,1,1,0,0,0,0,-1,-1,-2,-2,-3,-3,-3,-3,-2,-2,-2,-2,-2,-2,-2,-2,-2,-2,-2,-2,-2,-2,-3,-3,-1,-1,-1,-1,-1,-1,0,0,0,0,0,0,-1,-1,-1,-1,-2,-2,-2,-2,-1,-1,2,2,4,4,4,4,3
0,0,-1,0,0,0,0,0,0,0,0,0,-1,-1,-2,-2,-2,0,1,1,1,1,1,1,1,1,1,1,1,1,1,1,1,1,0,0,0,0,-1,-1,-2,-2,-3,-3,-3,-3,-2,-2,-2,-2,-2,-2,-2,-2,-2,-2,-2,-2,-2,-2,-3,-3,-3,-3,-4,-4,-4,-4,-3,-3,-3,-3,-4,-4,-4,-4,-5,-5,-3,-3,-3,-3,-2,-2,0,0,1,1,1,1,3
0,2,1,2,2,2,2,2,1,1,1,1,1,1,1,1,1,3,3,3,3,3,3,3,3,3,3,3,3,3,3,3,3,3,3,3,2,2,2,2,1,1,-1,-1,-1,-1,0,0,0,0,0,0,0,0,0,0,1,1,0,0,-1,-1,-1,-1,-1,-1,-1,-1,1,1,0,0,0,0,0,0,0,0,2,2,2,2,4,4,5,5,5,5,5,5,5
0,0,0,0,0,0,0,0,0,0,-1,-1,-2,-2,-2,-2,-2,0,1,1,1,1,1,1,1,1,1,1,1,1,1,1,1,1,0,0,-1,-1,-1,-1,-2,-2,-3,-3,-3,-3,-2,-2,-2,-2,-1,-1,-1,-1,-1,-1,-1,-1,-2,-2,-3,-3,-3,-3,-3,-3,-4,-4,-3,-3,-3,-3,-3,-3,-4,-4,-4,-4,-4,-4,-5,-5,-4,-4,-4,-4,-4,-4,-4,-4,-4
0,1,1,2,3,3,3,3,2,2,2,2,1,1,1,1,1,3,4,4,4,4,4,4,4,4,4,4,4,4,4,4,4,4,4,4,3,3,3,3,2,2,1,1,1,1,2,2,2,2,2,2,1,1,2,2,2,2,2,2,1,1,1,1,1,1,1,1,2,2,3,3,3,3,3,3,3,3,3,3,3,3,4,4,4,4,5,5,5,5,7
0,0,0,1,1,1,1,1,1,1,1,1,0,0,0,0,0,1,1,1,1,1,1,1,1,1,1,1,1,1,1,1,1,1,1,1,0,0,0,0,-1,-1,-2,-2,-2,-2,-1,-1,0,0,1,1,0,0,0,0,1,1,1,1,0,0,0,0,0,0,0,0,2,2,3,5,6,6,6,6,6,6,6,6,6,6,7,7,7,7,8,8,8,8,10
0,0,0,1,1,1,1,1,0,0,0,0,-1,-1,-1,-1,-1,0,1,1,1,1,1,1,1,1,1,1,1,1,1,1,1,1,1,1,1,2,2,2,2,2,1,1,1,1,2,2,2,2,3,3,2,2,2,2,2,2,1,1,1,1,1,1,1,1,1,1,3,3,3,3,3,3,3,3,2,2,3,3,3,3,4,4,4,4,4,4,4,4,4
0,0,0,1,1,1,1,1,0,0,0,0,-1,-1,-1,-1,-1,1,1,1,1,1,1,1,1,1,1,1,2,2,1,1,1,1,1,1,1,1,1,1,0,0,-2,-2,-2,-2,-1,-1,-1,-1,0,0,0,0,0,0,0,0,0,0,0,0,0,0,0,0,0,0,1,1,2,2,2,2,2,2,2,2,2,2,2,2,3,3,3,3,4,4,4,4,6
0,0,-1,1,1,1,0,0,0,0,0,0,-1,-1,-1,-1,-1,1,1,1,1,1,1,1,1,1,1,1,1,1,1,1,1,1,1,1,2,2,3,3,2,2,2,2,2,2,3,3,3,3,3,3,3,3,3,3,3,3,3,3,2,2,2,2,1,1,1,1,2,2,2,2,2,2,2,2,1,1,1,1,1,1,2,2,1,1,2,2,2,2,4
0,0,0,1,1,1,1,1,1,1,0,0,0,0,-1,-1,-1,1,1,1,1,1,1,1,1,1,1,1,2,2,1,1,2,2,1,1,1,1,1,1,0,0,-2,-2,-2,-2,-1,-1,-1,-1,0,0,-1,-1,-1,-1,-1,-1,0,0,0,0,0,0,0,0,1,1,3,3,3,3,3,3,3,3,3,3,3,3,3,3,4,4,4,4,4,4,5,5,7
0,1,0,1,1,1,0,0,0,0,0,0,-1,-1,-1,-1,-1,1,1,1,1,1,1,1,1,1,1,1,1,1,1,1,1,1,1,1,0,0,0,0,-1,-1,-2,-2,-2,-2,-2,-2,-1,-1,-1,-1,0,0,0,0,0,0,0,0,-1,-1,-1,-1,-1,-1,-1,-1,0,0,0,0,0,0,0,0,0,0,0,0,0,0,1,1,0,0,1,1,0,0,2
0,0,0,1,1,1,1,1,0,0,0,0,-1,-1,-1,-1,-1,1,1,1,1,1,1,1,1,1,1,1,1,1,1,1,1,1,1,1,0,0,0,0,-1,-1,-2,-2,-3,-3,-2,-2,-2,-2,-2,-2,-3,-3,-3,-3,-2,-2,-3,-3,-3,-3,-3,-3,-3,-3,-4,-4,-2,-2,-2,-2,-2,-2,-2,-2,-3,-3,-2,-2,-2,-2,-2,-2,0,0,0,0,1,1,2
0,0,0,1,1,1,0,0,0,0,0,0,-1,-1,-2,-2,-2,1,1,1,1,1,1,1,1,1,1,1,1,1,1,1,1,1,0,0,0,0,-1,-1,-2,-2,-3,-3,-3,-3,-2,-2,-2,-2,-2,-2,-2,-2,-2,-2,-2,-2,-2,-2,-3,-3,-3,-3,-4,-4,-4,-4,-3,-3,-3,-3,-3,-3,-3,-3,-4,-4,-4,-4,-4,-4,-3,-3,-1,-1,0,0,-1,-1,0
0,0,-1,0,1,1,0,0,0,0,0,0,-1,-1,-1,-1,-1,1,1,1,1,1,1,1,1,1,1,1,1,1,1,1,1,1,1,1,0,0,0,0,-1,-1,-3,-3,-3,-3,-2,-2,-2,-2,-2,-2,-2,-2,-3,-3,-2,-2,-3,-3,-4,-4,-4,-4,-4,-4,-3,-3,-2,-2,-2,-2,-1,-1,-1,-1,-1,-1,1,1,1,1,3,3,6,6,7,7,7,7,8
0,0,0,1,1,1,0,0,0,0,0,0,-1,-1,-1,-1,0,0,1,1,1,1,1,1,1,1,1,1,1,1,1,1,1,1,1,1,0,0,0,0,-1,-1,-3,-3,-2,-2,-1,-1,2,2,3,3,2,2,2,2,3,3,2,2,1,1,1,1,1,1,0,0,2,2,2,2,2,2,2,2,2,2,2,2,2,2,3,3,2,2,2,2,3,3,4
0,0,-1,0,0,0,0,0,0,1,3,3,3,3,3,3,3,4,4,4,4,4,4,4,4,4,4,4,5,5,4,4,4,4,4,4,3,3,3,3,2,2,1,1,1,1,2,2,2,2,2,2,1,1,1,1,2,2,1,1,1,1,1,1,1,1,0,0,2,2,2,2,3,3,2,2,2,2,3,3,2,2,3,3,3,3,4,4,4,4,6
0,3,3,7,7,7,7,7,6,6,6,6,5,5,5,5,5,6,7,7,7,7,7,7,7,7,7,7,7,7,7,7,7,7,7,7,7,7,6,6,5,5,4,4,4,4,5,5,5,5,6,6,5,5,5,5,6,6,5,5,5,5,5,5,5,5,5,5,6,6,7,7,7,7,6,6,6,6,7,7,7,7,8,8,8,8,8,8,8,8,10
0,5,5,5,5,5,5,5,4,4,4,4,3,3,3,3,3,4,5,5,5,5,5,5,5,5,6,6,7,7,7,7,7,7,7,7,6,6,6,6,5,5,3,3,3,3,4,4,4,4,5,5,4,4,4,4,5,5,4,4,3,3,3,3,3,3,2,2,4,4,4,4,4,4,4,4,4,4,6,6,6,6,8,8,7,7,8,8,8,8,9
0,0,0,1,1,1,1,1,1,1,1,1,1,1,1,1,1,2,3,3,3,3,2,2,2,2,2,2,3,3,3,3,3,3,2,2,2,2,2,2,1,1,-1,-1,0,0,1,1,3,4,5,5,4,4,4,4,5,5,5,5,4,4,4,4,4,4,5,5,7,7,7,7,7,7,7,7,7,7,9,9,9,9,10,10,10,10,11,11,11,11,14
0,11,10,10,11,11,10,10,10,10,10,10,9,9,9,9,9,9,10,10,10,10,10,10,9,9,10,10,10,10,10,10,11,11,11,11,10,10,10,10,9,9,8,8,8,8,9,9,10,10,10,10,9,9,10,10,10,10,9,9,9,9,9,9,9,9,10,10,11,11,12,12,12,12,12,12,12,12,12,12,12,12,13,13,13,13,14,14,14,14,15
0,1,1,2,3,3,2,2,2,2,2,2,1,1,1,1,1,2,3,3,3,3,2,2,2,2,2,2,3,3,2,2,3,3,3,3,2,2,2,2,1,1,0,0,-1,-1,0,0,1,1,1,1,0,0,0,0,1,1,0,0,0,0,0,0,1,1,1,1,3,3,3,3,3,3,3,3,3,3,4,4,4,4,5,5,5,5,5,5,5,5,8
0,10,9,10,10,10,10,10,9,9,9,9,8,8,8,8,8,8,9,9,9,9,9,9,9,9,9,9,9,9,9,9,15,15,17,17,16,16,17,17,17,17,16,16,16,16,17,17,18,18,18,18,17,17,18,18,18,18,17,17,17,17,17,17,17,17,17,17,19,19,19,19,20,20,19,19,19,19,20,20,20,20,21,21,21,21,21,21,21,21,22
0,1,0,1,1,1,0,0,0,0,0,0,-1,-1,-1,-1,-1,1,1,1,1,1,1,1,1,1,1,1,2,2,1,1,1,1,1,1,0,0,1,1,0,0,-1,-1,-1,-1,-1,-1,0,0,1,1,2,2,3,3,3,3,3,3,2,2,2,2,2,2,4,4,8,8,8,8,9,9,8,8,8,8,12,12,13,13,14,14,14,14,15,17,18,18,19
0,0,0,1,1,1,1,1,0,0,0,0,-1,-1,-1,-1,-1,1,1,1,1,1,1,1,1,1,1,1,2,2,1,1,1,1,1,1,1,1,0,0,-1,-1,-2,-2,-2,-2,-1,-1,0,0,0,0,-1,-1,0,0,0,0,-1,-1,0,1,1,1,1,1,1,1,3,3,3,3,4,4,4,4,4,4,4,4,4,4,5,5,5,5,6,6,6,6,8
0,0,0,1,1,1,1,1,1,1,0,0,0,0,-1,-1,-1,1,2,2,2,2,2,2,2,2,2,2,2,2,2,2,2,2,1,1,1,1,1,1,0,0,-2,-2,-2,-2,-1,-1,-1,-1,0,0,-1,-1,-1,-1,-1,-1,-1,-1,-2,-2,-2,-2,-2,-2,-2,-2,0,0,0,0,0,0,0,0,0,0,0,0,0,0,1,1,1,1,1,1,1,1,3
0,0,0,1,1,1,1,1,0,0,0,0,-1,-1,-1,-1,-1,1,1,1,1,1,1,1,1,1,1,1,1,1,1,1,1,1,1,1,0,0,0,0,-1,-1,-2,-2,-2,-2,-1,-1,-1,-1,-1,-1,-2,-2,-2,-2,-2,-2,-2,-2,-3,-3,-3,-3,-3,-3,-3,-3,-1,-1,-1,-1,-1,-1,-1,-1,-1,-1,-1,-1,-1,-1,0,0,0,0,1,1,1,1,2
0,0,0,1,1,1,1,1,0,0,0,0,-1,-1,-1,-1,-1,1,1,1,1,1,1,1,1,1,1,1,2,2,1,1,1,1,1,1,0,0,0,0,-1,-1,-2,-2,-2,-2,-1,-1,-1,-1,-1,-1,-2,-2,-2,-2,-2,-2,-2,-2,-3,-3,-3,-3,-3,-3,-3,-3,-1,-1,-1,-1,-1,-1,-1,-1,-1,-1,-1,-1,-1,-1,0,0,0,0,1,1,1,1,3
0,0,-1,0,1,1,0,0,0,0,0,0,-1,-1,-2,-2,-2,0,1,1,1,1,1,1,1,1,1,1,1,1,1,1,1,1,0,0,0,0,0,0,-1,-1,-2,-2,-2,-2,-1,-1,-1,-1,-1,-1,-2,-2,-2,-2,-1,-1,-2,-2,-2,-2,-2,-2,-3,-3,-1,-1,2,2,2,2,2,2,2,2,13,13,34,34,37,37,38,38,38,38,38,38,38,38,39
0,0,0,0,0,0,0,0,0,0,0,0,-1,-1,-1,-1,-1,1,1,1,1,1,1,1,1,1,1,1,2,2,1,1,2,2,2,2,1,1,2,2,2,2,1,1,1,1,2,2,2,2,2,2,2,2,2,2,3,3,2,2,2,2,2,2,2,2,2,2,4,4,4,4,4,4,4,4,4,4,5,5,5,5,7,7,7,7,8,8,8,8,9
0,8,8,8,8,8,8,8,8,8,7,7,7,7,7,7,7,9,9,9,9,9,9,9,9,9,9,9,10,10,9,9,11,11,11,11,11,11,12,12,11,11,10,10,11,11,12,12,13,13,14,14,14,14,14,14,16,16,16,16,15,15,15,15,15,15,15,15,17,17,17,17,17,17,17,17,17,17,17,17,17,17,18,18,18,18,18,18,18,18,20
0,6,6,7,7,7,7,7,7,7,7,7,6,6,6,6,5,7,7,7,7,7,7,7,7,7,7,7,7,7,7,7,8,8,11,11,12,12,11,11,10,10,9,9,9,9,10,10,10,10,11,11,10,10,10,10,11,11,10,10,10,10,10,10,10,10,10,10,12,12,14,14,14,14,14,14,14,14,14,14,14,14,15,15,15,15,16,16,16,16,18
0,0,0,1,1,1,1,1,1,1,0,0,0,0,-1,-1,-1,0,1,1,1,1,1,1,1,1,1,1,1,1,1,1,1,1,1,1,0,0,0,0,-1,-1,-2,-2,-2,-2,-1,-1,-1,-1,-1,-1,-1,-1,-1,-1,-1,-1,-1,-1,-2,-2,-1,-1,-2,-2,-2,-2,0,0,1,1,1,1,0,0,0,0,1,1,1,1,2,2,2,2,2,2,3,3,3
0,0,0,1,1,1,0,0,0,0,0,0,-1,-1,-1,-1,-1,1,2,2,1,1,1,1,1,1,1,1,2,2,1,1,1,1,1,1,1,1,1,1,-1,-1,-2,-2,-2,-2,0,0,0,0,0,0,0,0,-1,-1,0,0,0,0,-1,-1,-1,-1,-1,-1,-1,-1,1,1,1,1,1,1,1,1,0,0,2,2,3,3,4,4,4,4,4,4,5,5,6
0,1,0,1,1,1,1,1,1,1,0,0,-1,-1,-1,-1,-1,1,1,1,1,1,1,1,1,1,1,1,2,2,1,1,1,1,1,1,1,1,0,0,-1,-1,-2,-2,-2,-2,-1,-1,-1,-1,0,0,-1,-1,-1,-1,-1,-1,-1,-1,-1,-1,-2,-2,-2,-2,-1,-1,1,1,1,1,1,1,1,1,1,1,1,1,3,3,6,6,9,9,10,10,11,11,12
0,1,1,1,1,1,1,1,1,1,0,0,0,0,-1,-1,-1,0,1,1,1,1,1,1,1,1,1,1,1,1,1,1,1,1,1,1,1,1,0,0,-1,-1,-2,-2,-2,-2,-1,-1,0,0,0,0,-1,-1,-1,-1,0,0,-1,-1,-1,-1,-1,-1,-1,-1,-1,-1,1,1,1,1,1,1,1,1,1,1,1,1,1,1,2,2,3,3,4,4,4,4,6
0,0,0,0,0,0,0,0,0,0,-1,-1,-2,-2,-2,-2,-2,0,1,1,1,1,1,1,1,1,1,1,1,1,1,1,1,1,1,1,0,0,0,0,-1,-1,-2,-2,-2,-2,-1,-1,-1,-1,-1,-1,-1,-1,-1,-1,-1,-1,-1,-1,-2,-2,-1,-1,-1,-1,-1,-1,0,0,1,1,1,1,1,1,0,0,1,1,1,1,1,1,1,1,2,2,2,2,3
0,1,0,1,1,1,0,0,0,0,0,0,-1,-1,-1,-1,-1,0,1,1,1,1,1,1,1,1,1,1,1,1,1,1,1,1,0,0,0,0,-1,-1,-2,-2,-3,-3,-3,-3,-2,-2,-2,-2,-2,-2,-3,-3,-3,-3,-3,-3,-3,-3,-4,-4,-4,-4,-5,-5,-5,-5,-4,-4,-3,-3,-4,-4,-4,-4,-4,-4,-3,-3,-3,-3,-2,-2,1,1,2,2,2,2,3
0,0,-1,1,2,2,1,1,1,1,1,1,0,0,0,0,0,2,2,2,2,2,2,2,2,2,2,2,3,3,2,2,2,2,2,2,2,2,2,2,1,1,0,0,0,0,1,1,1,1,1,1,1,1,1,1,1,1,1,1,0,0,0,0,0,0,0,0,2,2,3,3,3,3,2,2,2,2,7,7,7,7,8,8,8,8,8,8,9,9,11
0,0,0,1,1,1,0,0,0,0,0,0,-1,-1,-1,-1,-1,1,1,1,1,1,1,1,1,1,1,1,2,2,1,1,1,1,1,1,1,1,0,0,0,1,2,2,5,5,6,6,6,6,7,7,6,6,6,6,6,6,6,6,5,5,5,5,5,5,5,5,7,7,7,7,7,7,7,7,7,7,7,7,7,7,8,8,8,8,8,8,8,8,15
0,0,-1,1,1,1,1,1,1,1,0,0,-1,-1,-1,-1,0,2,2,2,2,2,2,2,2,2,2,2,3,3,3,3,3,3,3,3,2,2,2,2,1,1,-1,-1,-1,-1,1,1,2,2,2,2,1,1,1,1,2,2,2,2,2,2,1,1,2,2,2,2,3,3,4,4,4,4,3,3,3,3,4,4,3,3,4,4,4,4,5,5,5,5,7
0,1,0,1,1,1,0,0,0,0,0,0,-1,-1,-2,-2,-2,0,1,1,1,1,1,1,0,0,1,1,1,1,1,1,1,1,0,0,0,0,0,0,-1,-1,-3,-3,-3,-3,-2,-2,-2,-2,-1,-1,-2,-2,-2,-2,-2,-2,-3,-3,-3,-3,-3,-3,-3,-3,-3,-3,-2,-2,-2,-2,-2,-2,-2,-2,-2,-2,-1,-1,0,0,0,0,4,4,4,4,4,4,5
0,1,0,1,1,1,1,1,0,0,0,0,-1,-1,-1,-1,-1,1,1,1,1,1,1,1,1,1,1,1,2,2,1,1,1,1,1,1,0,0,0,0,-1,-1,-2,-2,-2,-2,-1,-1,-1,-1,-1,-1,-1,-1,-2,-2,-1,-1,-1,-1,-1,-1,-1,-1,-1,-1,-1,-1,1,1,2,2,1,1,1,1,1,1,2,2,2,2,7,7,7,7,7,7,7,7,9
0,1,0,1,1,1,1,1,0,0,0,0,-1,-1,-1,-1,-1,0,1,1,1,1,0,0,0,0,0,0,1,1,0,0,0,0,0,0,-1,-1,-1,-1,-2,-2,-3,-3,-3,-3,-2,-2,-2,-2,-2,-2,-2,-2,-2,-2,-2,-2,-3,-3,-3,-3,-3,-3,-3,-3,-3,-3,-2,-2,-2,-2,-2,-2,-2,-2,-2,-2,-2,-2,-2,-2,-1,-1,0,0,1,1,2,2,4
0,1,0,1,1,1,0,0,0,0,0,0,-1,-1,-2,-2,-2,0,1,1,1,1,1,1,0,0,1,1,1,1,1,1,1,1,0,0,0,0,0,0,-1,-1,-3,-3,-3,-3,-2,-2,-2,-2,-1,-1,-2,-2,-2,-2,-2,-2,-2,-2,-3,-3,-3,-3,-3,-3,-3,-3,-1,-1,-1,-1,-1,-1,-2,-2,-2,-2,-1,-1,-2,-2,-1,-1,0,0,1,1,1,1,3
0,1,1,2,2,2,2,2,2,2,2,2,1,1,1,1,1,4,4,4,4,4,4,4,4,4,4,4,5,5,4,4,4,4,4,4,4,4,3,3,2,2,1,1,1,1,2,2,2,2,4,4,5,6,7,7,7,7,6,6,6,6,6,6,6,6,7,7,9,9,10,10,10,10,10,10,10,10,10,10,10,10,10,10,10,10,10,10,11,12,14
0,3,2,3,3,3,3,3,3,3,3,3,2,2,1,1,1,3,4,4,4,4,4,4,4,4,4,4,4,4,4,4,4,4,3,3,3,3,2,2,1,1,0,0,0,0,1,1,1,1,1,1,0,0,0,0,1,1,0,0,-1,-1,-1,-1,-1,-1,-1,-1,0,0,0,0,0,0,-1,-1,-2,-2,-2,-2,-2,-2,-2,-2,-1,-1,-1,-1,-1,-1,0
0,0,0,1,1,1,0,0,0,0,0,0,-1,-1,-1,-1,-1,1,1,1,1,1,1,1,1,1,1,1,1,1,1,1,1,1,1,1,0,0,0,0,-1,-1,-2,-2,-1,-1,0,0,0,0,1,1,0,0,0,0,0,0,0,0,-1,-1,-1,-1,-1,-1,-1,-1,0,0,0,0,0,0,0,0,0,0,0,0,0,0,1,1,1,1,1,1,1,1,2
0,0,-1,0,0,0,0,0,1,1,1,1,0,0,1,1,4,6,6,6,6,6,6,6,6,6,6,6,6,6,6,6,6,6,6,6,5,5,5,5,4,4,3,3,2,2,3,3,3,3,3,3,2,2,2,2,3,3,2,2,2,2,2,2,1,1,1,1,3,3,3,3,3,3,2,2,2,2,3,3,2,2,3,3,3,3,3,3,3,3,6
0,0,-1,0,0,0,0,0,-1,-1,-1,-1,-2,-2,-2,-2,-2,0,1,1,1,1,1,1,1,1,1,1,1,1,1,1,1,1,0,0,0,0,0,0,-1,-1,-3,-3,-3,-3,-2,-2,-2,-2,0,0,-1,-1,-1,-1,-1,-1,-1,-1,-2,-2,-2,-2,-2,-2,-2,-2,0,0,0,0,0,0,-1,-1,-1,-1,0,0,0,0,2,2,5,5,6,6,6,6,7
0,0,-1,0,0,0,0,0,0,0,-1,-1,-1,-1,-2,-2,-2,0,1,1,1,1,0,0,0,0,0,0,1,1,1,1,1,1,2,2,2,2,2,2,1,1,-1,-1,-1,-1,0,0,0,0,1,1,0,0,0,0,0,0,0,0,-1,-1,-1,-1,-1,-1,-1,-1,1,1,1,1,1,1,1,1,1,1,2,2,2,2,3,3,4,4,6,6,6,6,8
0,0,2,3,4,4,4,4,4,4,3,3,3,3,2,2,2,4,4,4,4,4,4,4,4,4,4,4,5,5,4,4,4,4,4,4,4,4,3,3,2,2,1,1,1,1,2,2,2,2,3,3,2,2,2,2,2,2,2,2,1,1,1,1,1,1,1,1,3,3,3,3,3,3,3,3,3,3,4,4,3,3,4,4,4,4,4,4,5,5,7
0,1,1,3,4,4,3,3,3,3,3,3,2,2,2,2,2,4,5,5,5,5,5,5,5,5,5,5,5,5,5,5,5,5,5,5,5,5,4,4,3,3,2,2,2,2,3,3,4,4,4,4,4,4,4,4,4,4,4,4,3,3,3,3,3,3,3,3,6,6,7,7,7,7,7,7,7,7,8,8,8,8,9,9,9,9,9,9,10,10,10
0,0,0,1,1,1,0,0,0,0,0,0,-1,-1,-1,-1,-1,1,2,2,2,2,1,1,1,1,1,1,2,2,1,1,1,1,1,1,0,0,0,0,-1,-1,-2,-2,-2,-2,-1,-1,-1,-1,0,0,-1,-1,-1,-1,-1,-1,-1,-1,-2,-2,-2,-2,-3,-3,-3,-3,0,0,-1,-1,-1,-1,-1,-1,-2,-2,-2,-2,-3,-3,-2,-2,-2,-2,-2,-2,-2,-2,-1
0,0,0,1,1,1,0,0,0,0,0,0,-1,-1,-1,-1,-1,0,1,1,1,1,1,1,1,1,1,1,1,1,1,1,1,1,1,1,0,0,0,0,-1,-1,-3,-3,-3,-3,-2,-2,-2,-2,-1,-1,-2,-2,-2,-2,-2,-2,-2,-2,-3,-3,-3,-3,-3,-3,-3,-3,0,0,2,2,2,2,2,2,1,1,2,2,3,3,4,4,3,3,4,4,4,4,5
0,0,0,0,1,1,0,0,0,0,0,0,-1,-1,-1,-1,0,1,1,1,1,1,1,1,1,1,1,1,1,1,1,1,2,2,2,2,2,2,2,2,1,1,-1,-1,-1,-1,0,0,0,0,0,0,-1,-1,-1,-1,0,0,3,3,3,3,3,3,3,3,3,3,5,5,5,5,5,5,5,5,5,5,5,5,5,5,6,6,6,6,6,6,6,6,8
0,0,0,1,1,1,0,0,0,0,0,0,-1,-1,-2,-2,-2,1,1,1,1,1,1,1,1,1,1,1,1,1,1,1,1,1,1,1,0,0,0,0,-1,-1,-2,-2,-3,-3,-2,-2,-2,-2,-1,-1,-2,-2,-2,-2,-1,-1,-2,-2,-2,-2,-2,-2,-2,-2,-2,-2,0,0,0,0,0,0,0,0,0,0,0,0,0,0,1,1,5,5,5,5,6,6,7
0,1,0,1,1,1,0,0,0,0,0,0,-1,-1,-2,-2,-1,0,1,1,1,1,1,1,1,1,1,1,1,1,1,1,1,1,0,0,0,0,0,0,-1,-1,-2,-2,1,1,2,2,3,3,5,5,5,5,5,5,5,5,5,5,4,4,4,4,4,4,4,4,6,6,6,6,6,6,6,6,6,6,7,7,6,6,7,7,8,8,8,8,9,9,11
0,1,0,1,1,1,1,1,0,0,0,0,-1,-1,-1,-1,-1,0,1,1,1,1,1,1,1,1,1,1,1,1,1,1,1,1,1,1,0,0,0,0,-1,-1,-3,-3,-3,-3,-2,-2,-2,-2,-1,-1,-1,-1,-1,-1,-1,-1,-2,-2,-2,-2,-2,-2,-2,-2,-2,-2,0,0,0,0,0,0,-1,-1,-1,-1,0,0,-1,-1,0,0,0,0,0,0,0,0,1
0,1,1,2,2,2,1,1,1,1,1,1,0,0,0,0,0,1,1,1,1,1,1,1,1,1,1,1,1,1,1,1,1,1,1,1,0,0,0,0,-1,-1,-2,-2,-3,-3,-2,-2,-2,-2,-1,-1,-2,-2,-2,-2,-2,-2,-2,-2,-3,-3,-3,-3,-3,-3,-3,-3,-1,-1,0,0,0,0,-1,-1,-1,-1,0,0,-1,-1,0,0,-1,-1,0,0,-1,-1,1
0,1,1,1,1,1,1,1,1,1,0,0,0,0,-1,-1,-1,1,1,1,1,1,1,1,1,1,1,1,2,2,1,1,1,1,1,1,0,0,0,0,-1,-1,-2,-2,-2,-2,-1,-1,0,0,0,0,-1,-1,0,0,0,0,-1,-1,-1,-1,-2,-2,-2,-2,-2,-2,0,0,0,0,0,0,0,0,0,0,0,0,0,0,1,1,0,0,0,0,0,0,1
0,0,2,3,5,5,4,4,4,4,4,4,3,3,3,3,2,4,5,5,4,4,4,4,4,4,5,5,5,5,5,5,5,5,4,4,4,4,4,4,3,3,1,1,1,1,2,2,3,3,4,4,4,4,4,4,4,4,4,4,3,3,3,3,3,3,3,3,6,6,7,7,7,7,7,7,7,7,8,8,7,7,8,8,8,8,8,8,8,8,10
0,0,0,1,1,1,0,0,0,0,0,0,-1,-1,-1,-1,-1,0,1,1,1,1,1,1,1,1,1,1,1,1,1,1,1,1,1,1,0,0,0,0,-1,-1,-2,-2,-2,-2,-1,-1,-1,-1,0,0,0,0,0,0,0,0,0,0,0,0,-1,-1,-1,-1,-1,-1,2,2,2,2,2,2,2,2,1,1,2,2,2,2,2,2,2,2,2,2,2,2,9
0,0,0,1,1,1,1,1,1,1,1,1,0,0,0,0,1,1,2,2,2,2,2,2,2,2,2,2,2,2,2,2,2,2,2,2,1,1,1,1,0,0,-2,-2,-1,-1,0,0,0,0,0,0,1,1,1,1,1,1,1,1,0,0,1,1,1,1,1,1,3,3,3,3,4,4,3,3,3,3,4,4,4,4,4,4,4,4,4,4,5,5,6
0,0,0,1,2,2,2,2,1,1,1,1,0,0,0,0,0,1,2,2,2,2,1,1,1,1,2,2,2,2,2,2,2,2,2,2,1,1,1,1,0,0,-1,-1,-1,-1,0,0,0,0,0,0,0,0,0,0,0,0,0,0,-1,-1,-1,-1,-1,-1,0,0,3,3,3,3,3,3,3,3,3,3,3,3,3,3,4,4,4,4,4,4,5,5,6
0,0,0,0,0,0,0,0,0,0,-1,-1,-1,-1,-2,-2,-2,0,1,1,1,1,1,1,1,1,1,1,1,1,1,1,1,1,1,1,0,0,0,0,-1,-1,-2,-2,-3,-3,-2,-2,2,2,3,3,2,2,2,2,2,2,3,3,4,4,4,4,4,4,4,4,6,6,6,6,6,6,6,6,6,6,6,6,6,6,7,7,7,7,7,7,7,7,7
0,0,0,1,1,1,1,1,1,1,0,0,0,0,-1,-1,-1,1,2,2,2,2,1,1,1,1,2,2,2,2,2,2,2,2,2,2,1,1,1,1,0,0,-1,-1,-1,-1,0,0,0,0,0,0,0,0,0,0,1,1,1,1,0,0,0,0,0,0,0,0,2,2,3,3,3,3,2,2,2,2,3,3,3,3,4,4,4,4,4,4,5,5,7
0,0,0,1,1,1,1,1,0,0,0,0,-1,-1,-1,-1,-1,0,1,1,1,1,0,0,0,0,0,0,1,1,0,0,0,0,0,0,0,0,-1,-1,-2,-2,-3,-3,-3,-3,-2,-2,-2,-2,-1,-1,-1,-1,-1,-1,-1,-1,-1,-1,-2,-2,-2,-2,-2,-2,-2,-2,0,0,0,0,0,0,0,0,0,0,0,0,0,0,1,1,1,1,1,1,1,1,3
0,1,1,6,7,7,6,6,6,6,6,6,5,5,5,5,5,6,6,6,6,6,6,6,6,6,6,6,6,6,6,6,6,6,6,6,5,5,5,5,4,4,3,3,3,3,3,3,4,4,4,4,3,3,3,3,3,3,3,3,2,2,2,2,2,2,2,2,4,4,5,5,5,5,5,5,5,5,5,5,5,5,5,5,5,5,6,6,6,6,8
0,0,0,0,0,0,0,0,0,0,0,0,-1,-1,-1,-1,5,6,7,7,7,7,7,7,7,7,7,7,7,7,7,7,7,7,7,7,6,6,6,6,5,5,3,3,3,3,4,4,4,4,5,5,5,5,5,5,5,5,5,5,4,4,4,4,4,4,4,4,6,6,6,6,6,6,6,6,6,6,6,6,6,6,7,7,7,7,8,8,8,9,11
0,0,0,1,1,1,0,0,0,0,0,0,-1,-1,-2,-2,-2,1,2,2,1,1,1,1,1,1,1,1,2,2,1,1,1,1,1,1,1,1,0,0,-1,-1,-2,-2,-2,-2,-1,-1,-1,-1,-1,-1,-1,-1,-1,-1,-1,-1,-2,-2,-2,-2,-2,-2,-2,-2,-1,-1,2,2,3,3,3,3,3,3,3,3,3,3,3,3,4,4,6,6,7,7,7,7,9
0,0,0,0,1,1,0,0,0,0,0,0,-1,-1,-1,-1,-1,0,1,1,1,1,1,1,1,1,1,1,1,1,1,1,2,2,1,1,1,1,1,1,0,0,-1,-1,-1,-1,0,0,0,0,1,1,1,1,0,0,1,1,1,1,0,0,0,0,0,0,1,1,3,3,3,3,3,3,3,3,3,3,4,4,4,4,5,5,5,5,5,5,6,6,10
0,0,-1,0,0,0,0,0,-1,-1,-1,-1,-2,-2,-2,-2,-1,1,1,1,1,1,1,1,1,1,1,1,1,1,1,1,1,1,1,1,0,0,0,0,-1,-1,-2,-2,-3,-3,-2,-2,-1,-1,-1,-1,-1,-1,-1,-1,-1,-1,-2,-2,-2,-2,-2,-2,-3,-3,-3,-3,-1,-1,-1,-1,-1,-1,0,2,2,2,3,3,3,3,4,4,4,4,4,4,4,4,5
0,0,3,4,4,4,3,3,3,3,3,3,2,2,2,2,4,6,7,7,7,7,7,7,7,7,7,7,7,7,7,7,7,7,6,6,6,6,6,6,5,5,3,3,3,3,4,4,4,4,4,4,4,4,4,4,4,4,5,5,4,4,4,4,4,4,4,4,8,8,13,13,13,13,12,12,12,12,13,13,12,12,13,13,13,13,14,14,15,15,14
0,0,0,1,1,1,1,1,0,0,0,0,-1,-1,-1,-1,-1,1,1,1,1,1,1,1,1,1,1,1,1,1,1,1,1,1,1,1,0,0,0,0,-1,-1,-2,-2,-3,-3,-2,-2,-1,-1,-1,-1,-1,-1,-1,-1,-1,-1,-2,-2,-2,-2,-2,-2,-2,-2,-2,-2,-1,-1,0,0,0,0,-1,-1,-1,-1,0,0,0,0,1,1,1,1,1,1,1,1,3
0,0,0,1,1,1,1,1,0,0,0,0,-1,-1,-1,-1,-1,1,1,1,1,1,1,1,1,1,1,1,2,2,2,2,1,1,1,1,1,1,1,1,0,0,-1,-1,-1,-1,0,0,0,0,1,1,1,1,1,1,1,1,1,1,0,0,0,0,0,0,1,1,3,3,3,3,3,3,3,3,3,3,4,4,3,3,4,4,6,6,6,6,8,8,10
0,0,0,1,1,1,1,1,0,0,0,0,-1,-1,-1,-1,-1,0,1,1,1,1,1,1,1,1,1,1,1,1,1,1,1,1,1,1,0,0,0,0,-1,-1,-2,-2,-2,-2,-1,-1,-1,-1,0,0,0,0,1,1,1,1,0,0,0,0,0,0,0,0,0,0,1,1,2,2,2,2,2,2,1,1,2,2,2,2,3,3,3,3,3,3,3,3,6
0,0,1,1,1,1,1,1,0,0,0,0,-1,-1,-1,-1,-1,1,1,1,1,1,1,1,1,1,1,1,1,1,1,1,1,1,1,1,0,0,0,0,-1,-1,-2,-2,-3,-3,-2,-2,-1,-1,-1,-1,-1,-1,-1,-1,-1,-1,-2,-2,-2,-2,-2,-2,-2,-2,-2,-2,-1,-1,-1,-1,0,0,-1,-1,-1,-1,0,0,-1,-1,0,0,0,0,1,1,1,1,4
0,1,1,2,2,2,1,1,1,1,1,1,0,0,0,0,0,1,2,2,2,2,2,2,1,1,2,2,2,2,2,2,2,2,1,1,1,1,1,1,0,0,-2,-2,-2,-2,-1,-1,0,0,1,1,1,1,1,1,1,1,0,0,0,0,0,0,0,0,0,0,1,1,1,1,1,1,1,1,1,1,1,1,1,1,2,2,2,2,2,2,3,3,5
0,0,0,1,1,1,0,0,0,0,0,0,-1,-1,-1,-1,-1,1,1,1,1,1,1,1,1,1,1,1,2,2,1,1,2,2,1,1,1,1,1,1,0,0,-1,-1,1,1,2,2,2,2,3,3,3,3,3,3,3,3,3,3,2,2,2,2,2,2,2,2,4,4,4,4,4,4,4,4,4,4,4,4,4,4,5,5,5,5,5,5,5,5,7
0,0,1,2,2,2,2,2,1,1,1,1,0,0,0,0,0,1,1,1,1,1,1,1,1,1,1,1,1,1,1,1,1,1,1,1,0,0,0,0,-1,-1,-2,-2,-2,-2,-1,-1,0,0,2,2,2,2,2,2,2,2,2,2,1,1,1,1,1,1,1,1,3,3,3,3,3,3,3,3,2,2,3,3,3,3,3,3,3,3,4,4,4,4,5
0,0,0,1,1,1,0,0,0,0,0,0,-1,-1,-1,-1,6,8,8,8,8,8,8,8,8,8,8,8,8,8,8,8,8,8,8,8,7,7,7,7,6,6,4,4,4,4,5,5,5,5,5,5,4,4,4,4,4,4,4,4,3,3,3,3,3,3,3,3,5,5,5,5,5,5,4,4,4,4,5,5,4,4,5,5,5,5,5,5,5,5,6
0,0,-1,1,0,0,0,0,0,0,0,0,-1,-1,-1,-1,0,4,5,5,5,5,5,5,5,5,5,5,5,5,4,4,4,4,3,3,3,3,3,3,2,2,0,0,0,0,0,0,0,0,0,0,-1,-1,-1,-1,-1,-1,-2,-2,-3,-3,-4,-4,-4,-4,-5,-5,-4,-4,-4,-4,-4,-4,-4,-4,-4,-4,-5,-5,-5,-5,-5,-5,-6,-6,-6,-6,-6,-6,-5
0,0,0,1,1,1,0,0,0,0,0,0,-1,-1,-1,-1,0,1,2,2,1,1,1,1,1,1,2,2,2,2,1,1,1,1,0,0,0,0,-1,-1,-2,-2,-3,-3,-3,-3,-3,-3,-3,-3,-4,-4,-4,-4,-4,-4,-4,-4,-5,-5,-5,-5,-6,-6,-6,-6,-7,-7,-7,-7,-7,-7,-6,-6,-7,-7,-7,-7,-7,-7,-8,-8,-8,-8,-7,-7,-8,-8,-7,-7,-2
0,0,0,1,1,1,0,0,0,0,0,0,-1,-1,-1,-1,0,1,1,1,1,1,1,1,1,1,1,1,1,1,0,0,0,0,0,0,-1,-1,-1,-1,-2,-2,-4,-4,-4,-4,-4,-4,-4,-4,-5,-5,-5,-5,-5,-5,-6,-6,-6,-6,-7,-7,-8,-8,-9,-9,-10,-10,-10,-10,-9,-9,-10,-10,-10,-10,-11,-11,-9,-9,-9,-9,-9,-9,-7,-6,-6,-6,-6,-6,-5
0,1,0,2,2,2,1,1,1,1,1,1,0,0,0,0,1,1,2,2,2,2,2,2,2,2,2,2,2,2,1,1,1,1,0,0,0,0,0,0,-1,-1,-3,-3,-3,-3,-3,-3,-3,-3,-4,-4,-4,-4,-4,-4,-5,-5,-5,-5,-6,-6,-7,-7,-7,-7,-8,-8,-8,-8,-8,-8,-8,-8,-8,-8,-8,-8,-9,-9,-9,-9,-9,-9,-8,-8,-8,-8,-7,-7,-7
0,0,0,3,3,3,2,2,2,2,2,2,1,1,1,1,2,6,6,6,6,6,6,6,6,6,6,6,6,6,6,6,5,5,5,5,5,5,4,4,3,3,2,2,2,2,2,2,2,2,1,1,0,0,0,0,0,0,-1,-1,-1,-1,-3,-3,-3,-3,-4,-4,-3,-3,-3,-3,-3,-3,-4,-4,-4,-4,-4,-4,-5,-5,-5,-5,-5,-5,-6,-6,-6,-6,-4
0,3,2,3,3,3,2,2,2,2,2,2,1,1,1,1,2,3,3,3,3,3,3,3,3,3,3,3,3,3,2,2,2,2,1,1,1,1,1,1,-1,-1,-2,-2,-2,-2,-2,-2,-2,-2,-3,-3,-4,-3,-3,-3,-4,-4,-4,-4,-4,-4,-4,-4,-4,-4,-4,-4,-4,-4,-3,-3,-3,-3,-3,-3,-2,-2,-2,-2,-2,-2,-2,-2,-2,-2,-2,-2,-2,-2,3
0,1,1,1,1,1,1,1,1,1,0,0,0,0,0,0,1,1,2,2,2,2,1,1,1,1,1,1,2,2,1,1,1,1,0,0,0,0,0,0,-1,-1,-3,-3,-3,-3,-3,-3,-2,-2,-3,-3,-3,-3,-3,-3,-3,-3,-3,-3,-3,-3,-4,-4,-5,-5,-5,-5,-4,-4,-4,-4,-4,-4,-4,-4,-4,-4,-5,-5,-5,-5,-5,-5,-6,-6,-6,-6,-6,-6,-6
0,0,-1,0,0,0,0,0,0,0,0,0,-1,-1,-1,-1,0,1,2,2,2,2,1,1,1,1,1,1,1,1,1,1,0,0,0,0,-1,-1,-1,-1,-2,-2,-3,-3,-4,-4,-4,-4,-4,-4,-5,-5,-5,-5,-5,-5,-6,-6,-6,-6,-7,-7,-8,-8,-8,-8,-9,-9,-8,-8,-8,-8,-7,-7,-7,-7,-7,-7,-7,-7,-7,-7,-7,-7,-7,-7,-7,-7,-7,-6,-4
0,3,3,3,3,3,3,3,3,3,3,3,2,2,2,2,3,4,5,5,5,5,5,5,5,5,5,5,5,5,5,5,4,4,4,4,4,4,4,4,3,3,1,1,1,1,2,2,2,2,2,2,2,2,2,2,2,2,1,1,1,1,0,0,0,0,-1,-1,0,0,0,0,0,0,0,0,0,0,0,0,-1,-1,-1,-1,-1,-1,-1,-1,-1,-1,1
0,0,0,0,0,0,0,0,0,0,-1,-1,-1,-1,-1,-1,0,1,1,1,1,1,1,1,1,1,1,1,2,2,1,1,0,0,0,0,-1,-1,-1,-1,-2,-2,-3,-3,-3,-3,-3,-3,-3,-3,-4,-4,-4,-4,-4,-4,-4,-4,-5,-5,-6,-6,-7,-7,-7,-7,-8,-8,-8,-8,-8,-8,-8,-8,-9,-9,-9,-9,-10,-10,-11,-11,-11,-11,-8,-8,-8,-8,-8,-8,-7
0,0,0,1,1,1,0,0,0,0,0,0,-1,-1,-1,-1,0,2,2,2,2,2,2,2,2,2,2,2,3,3,2,2,2,2,2,2,1,1,1,1,0,0,-1,-1,-2,-2,-2,-2,-1,-1,-2,-2,-2,-2,-2,-2,-2,-2,-3,-3,-3,-3,-4,-4,-4,-4,-4,-4,-3,-3,-3,-3,-3,-3,-3,-3,-3,-3,-4,-4,-4,-4,-4,-4,-4,-4,-5,-5,-4,-4,-3
0,0,1,1,1,1,1,1,0,0,0,0,-1,-1,-1,-1,0,1,1,1,1,1,1,1,1,1,1,1,2,2,1,1,1,1,0,0,0,0,0,0,-1,-1,-3,-3,-3,-3,-3,-3,-3,-3,-3,-3,-4,-4,-4,-4,-5,-5,-5,-5,-6,-6,-7,-7,-7,-7,-8,-8,-7,-7,-7,-7,-7,-7,-7,-7,-7,-7,-8,-8,-8,-8,-8,-8,-8,-8,-8,-8,-8,-8,-7
0,0,1,12,12,12,12,12,11,11,11,11,10,10,11,11,13,15,16,16,16,16,16,16,16,16,16,16,16,16,15,15,15,15,15,15,14,14,14,14,13,13,12,12,12,12,12,12,12,12,12,12,12,12,11,11,11,11,11,11,10,10,9,9,9,9,8,8,8,8,9,9,9,9,8,8,8,8,8,8,7,7,7,7,7,7,6,6,7,7,7
0,1,0,1,1,1,1,1,0,0,0,0,0,0,0,0,1,2,3,3,3,3,2,2,2,2,3,3,3,3,2,2,2,2,2,2,1,1,1,1,0,0,-1,-1,-2,-2,-2,-2,-1,-1,-2,-2,-2,-2,-1,-1,-2,-2,-3,-3,-3,-3,-4,-4,-4,-4,-5,-5,-4,-4,-3,-3,-3,-3,-3,-3,-3,-3,-3,-3,-4,-4,-4,-4,-4,-4,-5,-5,-4,-4,-3
0,0,0,1,1,1,0,0,0,0,0,0,-1,-1,0,0,0,3,3,3,3,3,3,3,3,3,3,3,3,3,2,2,2,2,2,2,1,1,1,1,0,0,-1,-1,-1,-1,-1,-1,-1,-1,-2,-2,-2,-1,0,0,-1,-1,-1,-1,-2,-2,-3,-3,-3,-3,-4,-4,-4,-4,-2,-2,-2,-2,-2,-2,-2,-2,-3,-3,-3,-3,-3,-3,-3,-3,-4,-4,-4,-4,-4
0,1,1,4,4,4,4,4,4,4,3,3,3,3,3,3,4,6,7,7,7,7,6,6,6,6,7,7,7,7,6,6,6,6,5,5,5,5,5,5,3,3,2,2,2,2,2,2,2,2,2,2,2,3,4,4,3,3,2,2,2,2,1,1,0,0,-1,-1,0,0,0,0,0,0,0,0,0,0,-1,-1,-1,-1,-2,-2,-2,-2,-3,-3,-2,-2,-2
0,1,1,2,2,2,2,2,1,1,1,1,0,0,0,0,1,3,3,3,3,3,3,3,3,3,3,3,4,4,3,3,3,3,3,3,2,2,2,2,1,1,0,0,0,0,0,0,0,0,-1,-1,-1,-1,-1,-1,-2,-2,-2,-2,-3,-3,-3,-3,-3,-3,-4,-4,-3,-3,-3,-3,-3,-3,-3,-3,-3,-3,-4,-4,-4,-4,-4,-4,-4,-4,-5,-5,-4,-4,-2
0,0,0,1,1,1,0,0,0,0,0,0,-1,-1,-1,-1,0,1,2,2,1,1,1,1,1,1,1,1,2,2,1,1,0,0,0,0,-1,-1,-1,-1,-2,-2,-3,-3,-3,-3,-4,-4,-3,-3,-4,-4,-5,-5,-5,-5,-5,-5,-6,-6,-7,-7,-8,-8,-8,-8,-8,-8,-8,-8,-8,-8,-8,-8,-8,-8,-8,-8,-9,-9,-8,-8,-7,-7,-6,-6,-6,-6,-5,-5,-3
0,4,4,5,5,5,5,5,4,4,4,4,3,3,3,3,4,5,5,5,5,5,5,5,5,5,5,5,5,5,4,4,4,4,4,4,3,3,3,3,2,2,1,1,1,1,0,0,0,0,0,0,-1,-1,-1,-1,-2,-2,-2,-2,-3,-3,-4,-4,-4,-4,-5,-5,-5,-5,-5,-5,-5,-5,-5,-5,-5,-5,-6,-6,-6,-6,-6,-6,-6,-6,-7,-7,-7,-7,-6
0,2,2,3,3,3,3,3,2,2,2,2,1,1,1,1,2,7,8,8,7,7,7,7,7,7,8,8,8,8,7,7,7,7,6,6,6,6,6,6,5,5,3,3,3,3,3,3,3,3,3,3,3,3,4,4,3,3,3,3,2,2,1,1,1,1,1,1,1,1,1,1,1,1,2,2,3,3,3,3,2,2,2,2,2,2,1,1,2,2,3
0,1,1,1,1,1,1,1,0,0,0,0,0,0,0,0,1,2,2,2,2,2,2,2,2,2,2,2,2,2,2,2,1,1,1,1,1,1,0,0,-1,-1,-2,-2,-2,-2,-2,-2,-2,-2,-3,-3,-3,-3,-3,-3,-4,-4,-4,-4,-5,-5,-6,-6,-6,-6,-7,-7,-6,-6,-6,-6,-6,-6,-6,-6,-6,-6,-6,-6,-6,-6,-7,-7,-5,-5,-6,-6,-6,-6,-5
0,0,0,2,2,2,2,2,2,2,1,1,1,1,1,1,2,4,5,5,5,5,5,5,5,5,5,5,5,5,4,4,4,4,4,4,3,3,3,3,2,2,1,1,1,1,0,0,1,1,1,1,0,0,0,0,-1,-1,-1,-1,-1,-1,-2,-2,-3,-3,-4,-4,-3,-3,-3,-3,-3,-3,-3,-3,-3,-3,-3,-3,-3,-3,-4,-4,-3,-3,-4,-4,-4,-4,-3
0,0,0,0,1,1,1,1,1,1,1,1,1,1,1,1,2,4,5,5,5,5,5,5,5,5,5,5,5,5,4,4,4,4,4,4,3,3,3,3,2,2,1,1,1,1,1,1,1,1,0,0,0,0,-1,-1,-1,-1,-1,-1,-2,-2,-2,-2,-2,-2,-3,-3,-2,-2,-1,-1,-1,-1,-2,-2,-2,-2,-2,-2,-2,-2,-2,-2,-1,-1,-1,-1,-1,-1,1
0,0,0,1,1,1,0,0,0,0,0,0,-1,-1,-1,-1,0,1,2,2,2,2,2,2,2,2,2,2,2,2,1,1,1,1,1,1,0,0,0,0,-1,-1,-2,-2,-3,-3,-3,-3,-3,-3,-3,-3,-4,-4,-4,-4,-4,-4,-5,-5,-5,-5,-6,-6,-7,-7,-7,-7,-7,-7,-7,-7,-7,-7,-7,-7,-7,-7,-8,-8,-8,-8,-8,-8,-8,-8,-8,-8,-8,-8,3
0,0,1,1,1,1,1,1,0,0,0,0,0,0,0,0,1,2,3,3,2,2,2,2,2,2,3,3,3,3,2,2,2,2,2,2,1,1,1,1,0,0,-1,-1,-1,-1,-1,-1,-1,-1,-1,-1,-1,-1,-1,-1,-2,-2,-2,-2,-2,-2,-3,-3,-3,-3,-4,-4,-3,-3,-3,-3,-3,-3,-3,-3,-3,-3,-4,-4,-4,-4,-4,-4,-4,-4,-4,-4,-3,-3,-4
0,0,1,1,1,1,1,1,1,1,0,0,0,0,0,0,0,2,3,3,3,3,3,3,3,3,3,3,3,3,2,2,2,2,2,2,1,1,1,1,0,0,-1,-1,-1,-1,-1,-1,-1,-1,-2,-2,-2,-2,-2,-2,-2,-2,-3,-3,-3,-3,-4,-4,-4,-4,-5,-5,-4,-4,-4,-4,-4,-4,-4,-4,-4,-4,-4,-4,-5,-5,-5,-5,-4,-4,-4,-4,-4,-4,-4
0,2,2,3,3,3,3,3,3,3,3,3,2,2,2,2,3,5,6,6,6,6,6,6,6,6,6,6,6,6,5,5,5,5,5,5,4,4,4,4,3,3,2,2,1,1,1,1,2,2,1,1,1,1,1,1,0,0,0,0,-1,-1,-2,-2,-2,-2,-2,-2,-2,-2,-2,-2,-2,-2,-2,-2,-2,-2,-3,-3,-3,-3,-3,-3,-4,-4,-5,-5,-4,-4,-5
0,0,0,0,0,0,0,0,0,0,0,0,-1,-1,-1,-1,0,2,2,2,2,2,2,2,2,2,2,2,2,2,1,1,1,1,1,1,1,1,0,0,-1,-1,-2,-2,-2,-2,-2,-2,-2,-2,-2,-2,-3,-3,-3,-3,-4,-4,-4,-4,-5,-5,-6,-6,-6,-6,-6,-6,-5,-5,-5,-5,-5,-5,-5,-5,-5,-5,-6,-6,-6,-6,-6,-6,-6,-6,-7,-7,-7,-7,-7
0,0,0,1,1,1,1,1,0,0,0,0,0,0,-1,-1,0,1,2,2,2,2,2,2,2,2,2,2,2,2,1,1,1,1,0,0,0,0,1,1,0,0,0,0,0,0,0,0,0,0,-1,-1,-1,-1,-2,-2,-2,-2,-2,-2,-3,-3,-4,-4,-4,-4,-5,-5,-5,-5,-5,-5,-5,-5,-5,-5,-5,-5,-6,-6,-6,-6,-6,-6,-7,-7,-8,-8,-8,-8,-7
0,0,0,0,1,1,1,1,0,0,0,0,0,0,0,0,0,1,2,2,2,2,2,2,2,2,2,2,2,2,1,1,1,1,1,1,0,0,0,0,-1,-1,-2,-2,-2,-2,-1,-1,0,0,-1,-1,-1,-1,-1,-1,-1,-1,-1,-1,-1,-1,-2,-2,-2,-2,-3,-3,-2,-2,-1,-1,-1,-1,-1,-1,-1,-1,-1,-1,-1,-1,-1,-1,-1,-1,-1,-1,-1,-1,-1
0,0,0,1,1,1,0,0,0,0,0,0,-1,-1,-1,-1,0,1,2,2,2,2,2,2,2,2,2,2,2,2,1,1,1,1,1,1,0,0,0,0,-1,-1,-2,-2,-3,-3,-3,-3,-2,-2,-3,-3,-3,-3,-3,-3,-4,-4,-4,-4,-5,-5,-6,-6,-6,-6,-7,-7,-6,-6,-6,-6,-6,-6,-6,-6,-6,-6,-7,-7,-7,-7,-7,-7,-7,-7,-8,-8,-8,-8,-7
0,1,1,2,2,2,1,1,1,1,1,1,0,0,1,1,1,3,4,4,4,4,4,4,4,4,4,4,4,4,3,3,3,3,2,2,2,2,1,1,0,0,-1,-1,-1,-1,-1,-1,-1,-1,-1,-1,-1,-1,-1,-1,-1,-1,-2,-2,-3,-3,-4,-4,-4,-4,-5,-5,-5,-5,-5,-5,-5,-5,-5,-5,-6,-6,-7,-7,-8,-8,-8,-8,-7,-7,-7,-7,-6,-6,-3
0,0,1,2,2,2,1,1,1,1,1,1,0,0,0,0,1,2,3,3,2,2,3,3,3,3,3,3,3,3,2,2,2,2,2,2,1,1,1,1,0,0,-1,-1,-1,-1,-1,-1,-1,-1,-2,-2,-2,-2,-2,-2,-2,-2,-2,-2,-3,-3,-4,-4,-4,-4,-5,-5,-4,-4,-3,-3,-3,-3,-3,-3,-4,-4,-4,-4,-4,-4,-3,-3,-4,-4,-4,-4,-5,-5,-4
0,1,1,3,3,3,2,2,2,2,2,2,1,1,1,1,2,5,5,5,5,5,5,5,5,5,5,5,5,5,5,5,4,4,4,4,3,3,3,3,2,2,1,1,1,1,1,1,1,1,1,1,0,0,0,0,0,0,-1,-1,-1,-1,-2,-2,-3,-3,-4,-4,-3,-3,-3,-3,-3,-3,-3,-3,-3,-3,-2,-2,-1,-1,-1,-1,-1,-1,-2,-2,-3,-3,-1
0,0,0,0,0,0,0,0,0,0,-1,-1,-1,-1,-1,-1,0,2,3,3,3,3,2,2,2,2,3,3,3,3,2,2,2,2,1,1,1,1,1,1,0,0,-2,-2,-2,-2,-2,-2,-2,-2,-2,-2,-2,-2,-2,-2,-3,-3,-3,-3,-4,-4,-5,-5,-5,-5,-2,-2,-1,-1,-1,-1,-1,-1,-1,-1,-1,-1,-2,-2,-2,-2,-2,-2,-2,-2,-3,-3,-4,-4,-4
0,0,0,2,2,2,2,2,1,1,1,1,1,1,1,1,1,3,4,4,4,4,4,4,4,4,4,4,4,4,3,3,3,3,3,3,3,3,2,2,1,1,0,0,0,0,1,1,1,1,2,2,5,5,5,5,5,5,4,4,4,4,3,3,3,3,3,3,3,3,4,4,4,4,4,4,4,4,3,3,3,3,3,3,2,2,2,2,1,1,1
0,9,8,9,9,9,9,9,8,8,8,8,7,7,7,7,8,9,10,10,10,10,10,10,10,10,10,10,10,10,9,9,9,9,8,8,8,8,8,8,7,7,5,5,5,5,5,5,5,5,4,4,4,5,5,5,5,5,4,4,3,3,2,2,2,2,1,1,2,2,2,2,2,2,2,2,2,2,1,1,1,1,1,1,1,1,0,0,-1,-1,5
0,0,0,1,1,1,0,0,0,0,0,0,-1,-1,-1,-1,0,1,2,2,2,2,2,2,1,1,2,2,2,2,1,1,1,1,1,1,0,0,0,0,-1,-1,-2,-2,-2,-2,-3,-3,-2,-2,-3,-3,-3,-3,-3,-3,-3,-3,-3,-3,-3,-3,-4,-4,-4,-4,-5,-5,-4,-4,-4,-4,-4,-4,-4,-4,-4,-4,-5,-5,-5,-5,-5,-5,-5,-5,-6,-6,-7,-7,0
0,0,0,0,0,0,0,0,0,0,-1,-1,-1,-1,-1,-1,-1,0,1,1,1,1,1,1,1,1,1,1,1,1,0,0,0,0,0,0,-1,-1,-1,-1,-2,0,1,1,1,1,1,1,1,1,1,1,1,1,1,1,0,0,0,0,-1,-1,-2,-2,-3,-3,-4,-4,-3,-3,-3,-3,-3,-3,-4,-4,-4,-4,-5,-5,-6,-6,-6,-6,-6,-6,-7,-7,-8,-8,-1
0,1,1,2,2,2,2,2,1,1,1,1,1,1,1,1,1,3,4,4,4,4,4,4,4,4,4,4,4,4,3,3,3,3,3,3,2,2,2,2,1,1,0,0,0,0,0,0,0,0,-1,-1,-1,-1,0,0,-1,-1,-2,-2,-2,-2,-3,-3,-3,-3,-3,-3,-3,-3,-3,-3,-3,-3,-3,-3,-3,-3,-3,-3,-3,-3,-4,-4,-5,-5,-5,-5,-6,-6,0
0,2,1,2,2,2,2,2,1,1,1,1,1,1,1,1,1,3,4,4,4,4,4,4,4,4,4,4,4,4,3,3,3,3,3,3,2,2,2,2,1,1,0,0,0,0,0,0,0,0,-1,-1,-1,-1,-1,-1,-2,-2,-2,-2,-3,-3,-4,-4,-4,-4,-5,-5,-4,-4,-4,-4,-4,-4,-4,-4,-4,-4,-5,-5,-5,-5,-6,-6,-7,-7,-8,-8,-9,-9,-2
0,0,0,0,0,0,0,0,0,0,0,0,-1,-1,-1,-1,0,2,2,2,2,2,2,2,2,2,2,2,2,2,2,2,1,1,1,1,1,1,1,1,0,0,-1,-1,-1,-1,-1,-1,-1,-1,-2,-2,-2,-2,-2,-2,-2,-2,-3,-3,-3,-3,-4,-4,-4,-4,-5,-5,-4,-4,-4,-4,-4,-4,-4,-4,-4,-4,-4,-4,-4,-4,-5,-5,-5,-5,-6,-6,-6,-6,-1
0,0,0,1,2,2,1,1,1,1,1,1,0,0,0,0,1,3,4,4,3,3,3,3,3,3,3,3,3,3,3,3,2,2,2,2,1,1,2,2,1,1,0,0,-1,-1,5,5,5,5,5,5,5,5,5,5,5,5,6,7,8,8,7,7,7,7,5,5,6,6,5,5,5,5,5,5,4,4,4,4,4,4,3,3,6,6,6,6,5,5,20
0,1,1,2,2,2,1,1,1,1,1,1,0,0,0,0,1,3,4,4,3,3,4,4,4,4,4,4,4,4,3,3,3,3,3,3,3,4,4,4,3,3,2,2,1,1,1,1,1,1,1,1,1,1,1,1,0,0,0,0,-1,-1,-2,-2,0,1,4,4,4,4,4,4,4,4,4,4,3,3,3,3,2,2,1,1,23,23,22,22,21,21,28
0,0,0,1,1,1,1,1,1,1,1,1,0,0,0,0,1,1,2,2,2,2,2,2,2,2,2,2,2,2,1,1,1,1,1,1,0,0,0,0,-1,-1,-2,-2,-2,-2,-1,-1,-1,-1,0,0,0,0,0,0,0,0,0,0,-1,-1,-2,-2,-1,-1,1,1,2,2,3,3,3,3,2,2,2,2,2,2,2,2,1,1,1,1,0,0,-1,-1,3
0,0,0,0,0,0,0,0,0,0,0,0,-1,-1,-1,-1,0,2,2,2,2,2,2,2,2,2,2,2,2,2,1,1,1,1,1,1,1,1,0,0,-1,-1,-2,-2,-2,-2,-2,-2,-2,-2,-3,-3,-3,-3,-4,-4,-4,-4,-5,-5,-5,-5,-6,-6,-6,-6,-6,-6,-6,-6,-5,-5,-5,-5,-6,-6,-6,-6,-6,-6,-6,-6,-7,-7,-8,-8,-9,-9,-10,-10,-4
0,0,0,0,1,1,0,0,0,0,0,0,-1,-1,-1,-1,0,2,2,2,2,2,2,2,2,2,2,2,2,2,1,1,1,1,0,0,0,0,0,0,-1,-1,-3,-3,-3,-3,-3,-3,-3,-3,-3,-3,-3,-3,-3,-3,-4,-4,-4,-4,-5,-5,-7,-7,-7,-7,-7,-7,-7,-7,-7,-7,-7,-7,-7,-7,-8,-8,-9,-9,-9,-9,-10,-10,-8,-8,-9,-9,-10,-9,-1
0,0,0,3,3,3,3,3,3,3,3,3,2,2,2,2,2,5,5,5,5,5,5,5,5,5,5,5,6,6,5,5,4,4,4,4,4,4,4,4,3,3,1,1,1,1,1,1,1,1,1,1,1,1,1,1,0,0,0,0,0,0,0,0,0,0,0,0,1,1,2,3,5,5,5,5,5,5,5,5,5,5,4,4,4,4,3,3,1,1,9
0,0,1,1,1,1,0,0,0,0,0,0,-1,-1,-1,-1,0,1,2,2,2,2,2,2,2,2,2,2,2,2,1,1,1,1,1,1,0,0,0,0,-1,-1,-2,-2,-2,-2,-2,-2,-2,-2,-3,-3,-3,-3,-3,-3,-4,-4,-4,-4,-5,-5,-6,-6,-6,-6,-4,-4,-3,-3,-3,-3,-3,-3,-3,-3,-4,-4,-5,-5,-6,-6,-7,-7,-7,-7,-7,-7,-8,-8,1
0,0,0,1,1,1,0,0,0,0,0,0,-1,-1,-1,-1,0,1,2,2,2,2,2,2,2,2,2,2,2,2,1,1,1,1,1,1,1,1,1,1,1,1,0,0,2,2,2,2,3,3,2,2,2,2,2,2,1,1,1,1,0,0,-1,-1,-1,-1,-1,-1,0,0,0,0,0,0,0,0,0,0,-1,-1,-1,-1,-2,-2,-3,-3,-4,-4,-5,-5,2
0,9,9,9,9,9,9,9,9,9,8,8,8,8,8,8,9,10,10,10,10,10,10,10,10,10,10,10,10,10,10,10,9,9,9,9,9,9,9,9,8,8,6,6,6,6,12,12,14,14,13,13,13,13,13,13,12,12,12,12,11,11,10,10,10,10,9,9,10,10,10,10,9,9,9,9,9,9,9,9,8,8,7,7,6,6,6,6,5,5,12
0,0,0,1,1,1,1,1,0,0,0,0,-1,-1,-1,-1,0,1,1,1,1,1,1,1,1,1,1,1,2,2,1,1,1,1,0,0,0,0,0,0,-1,-1,-3,-3,-3,-3,-3,-3,-3,-3,-4,-4,-3,-3,-3,-3,-4,-4,-5,-5,-5,-5,-6,-6,-6,-6,-7,-7,-6,-6,-6,-6,-6,-6,-6,-6,-6,-6,-7,-7,-7,-7,-8,-8,-8,-8,-9,-9,-10,-10,0
0,2,3,3,3,3,3,3,2,2,2,2,2,2,2,2,2,4,5,5,4,4,4,4,4,4,4,4,4,4,4,4,3,3,3,3,3,3,2,2,1,1,0,0,0,0,-1,-1,-1,-1,-1,-1,-2,-2,-2,-2,-2,-2,-3,-3,-3,-3,-5,-5,-5,-5,-6,-6,-5,-5,-5,-5,-5,-5,-5,-5,-5,-5,-6,-6,-6,-6,-7,-7,-8,-8,-9,-9,-10,-10,2
0,0,0,1,1,1,0,0,0,0,0,0,0,0,0,0,0,2,2,2,2,2,2,2,2,2,2,2,2,2,2,2,1,1,1,1,0,0,0,0,-1,-1,-2,-2,-2,-2,-3,-3,-2,-2,-3,-3,-3,-3,-3,-3,-4,-4,-4,-4,-4,-4,-4,-4,-4,-4,-5,-5,-4,-4,-4,-4,-4,-4,-5,-5,-5,-5,-5,-5,-5,-5,-6,-6,-6,-6,-7,-7,-8,-8,-1
0,0,-1,0,0,0,0,0,0,0,-1,-1,-1,-1,-1,-1,-1,3,3,3,3,3,3,3,3,3,3,3,3,3,3,3,2,2,2,2,2,2,1,1,0,0,-1,-1,-1,-1,-1,-1,-1,-1,-2,-2,-2,-1,0,0,-1,-1,-2,-2,-2,-2,-3,-3,-3,-3,-4,-4,-4,-4,-5,-5,-5,-5,-5,-5,-5,-5,-6,-6,-4,-4,-5,-5,-5,-5,-6,-6,-7,-7,0
0,2,1,1,1,1,1,1,1,1,1,1,0,0,0,0,1,4,5,5,5,5,4,4,4,4,5,5,5,5,4,4,4,4,3,3,3,3,2,2,1,1,0,0,0,0,0,0,0,0,0,0,0,0,-1,-1,-1,-1,-1,-1,-1,-1,-2,-2,-2,-2,-3,-3,-2,-2,-1,-1,-1,-1,-1,-1,-1,-1,-1,-1,-1,-1,-2,-2,-2,-2,-2,-2,-2,-2,4
0,0,2,3,3,3,2,2,2,2,2,2,1,1,1,1,2,4,4,4,4,4,4,4,4,4,4,4,5,5,4,4,3,3,3,3,3,3,3,3,1,1,0,0,0,0,0,0,0,0,0,0,-1,-1,-1,-1,-1,-1,-2,-2,-2,-2,-3,-3,-3,-3,-4,-4,-4,-4,-4,-4,-4,-4,-4,-4,-4,-4,-5,-5,-5,-5,-6,-6,-6,-6,-7,-7,-8,-8,-2
0,0,0,1,1,1,1,1,0,0,0,0,0,0,0,0,0,1,1,1,1,1,1,1,1,1,1,1,1,1,1,1,0,0,0,0,0,0,-1,-1,-2,-2,-3,-3,-3,-3,-3,-3,-3,-3,-3,-3,-3,-3,-4,-4,-4,-4,-5,-5,-5,-5,-6,-6,-6,-6,-7,-7,-7,-7,-7,-7,-7,-7,-7,-7,-8,-8,-8,-8,-8,-8,-9,-9,-8,-7,-8,-8,-9,-9,-1
0,0,-1,0,0,0,0,0,0,0,-1,-1,-1,-1,-1,-1,0,1,2,2,1,1,1,1,1,1,1,1,1,1,1,1,0,0,0,0,0,0,-1,-1,-2,-2,-3,-3,-3,-3,-4,-4,-3,-3,-4,-4,-4,-4,-4,-4,-5,-5,-6,-6,-6,-6,-7,-7,-7,-7,-8,-8,-8,-8,-8,-8,-8,-8,-9,-9,-9,-9,-9,-9,-9,-9,-10,-10,-8,-8,-9,-9,-10,-10,-4
0,1,1,1,1,1,1,1,1,1,1,1,0,0,0,0,1,2,3,3,3,3,3,3,3,3,3,3,3,3,2,2,2,2,1,1,1,1,1,1,0,0,-2,-2,-2,-2,-2,-2,-2,-2,-3,-3,-3,-3,-3,-3,-4,-4,-4,-4,-5,-5,-2,-2,-2,-2,2,2,2,2,2,2,2,2,2,2,2,2,4,4,5,5,4,4,3,3,4,4,3,3,11
0,1,1,1,1,1,1,1,0,0,0,0,0,0,0,0,0,1,1,1,1,1,1,1,1,1,1,1,1,1,0,0,0,0,0,0,-1,-1,-1,-1,-2,-2,-3,-3,-3,-3,-3,-3,-3,-3,-4,-4,-4,-4,-4,-4,-4,-4,-5,-5,-5,-5,-6,-6,-7,-7,-8,-8,-7,-7,-8,-8,-8,-8,-8,-8,-8,-8,-6,-6,-6,-6,-7,-7,-5,-5,-5,-5,-6,-6,2
0,3,3,5,5,5,5,5,4,4,4,4,3,3,3,3,4,7,7,7,7,7,7,7,7,7,7,7,8,8,7,7,7,7,6,6,6,6,6,6,5,5,3,3,3,3,3,3,4,4,3,3,3,3,3,3,2,2,2,2,2,2,0,0,0,0,-1,-1,-1,-1,-1,-1,-1,-1,-1,-1,-1,-1,-2,-2,-2,-2,-3,-3,-4,-4,-5,-5,-6,-6,0
0,0,0,0,0,0,0,0,-1,-1,-1,-1,-1,-1,-1,-1,-1,1,2,2,2,2,2,2,2,2,2,2,2,2,1,1,1,1,1,1,0,0,0,0,-1,-1,-3,-3,-3,-3,-3,-3,-3,-3,-4,-4,-4,-4,-4,-4,-5,-5,-5,-5,-6,-6,-7,-7,-7,-7,-8,-8,-8,-8,-8,-8,-9,-9,-9,-9,-9,-9,-10,-10,-10,-10,-11,-11,-12,-12,-13,-13,-14,-14,-6
0,0,0,1,1,1,1,1,0,0,0,0,0,0,-1,-1,0,2,3,3,3,3,2,2,2,2,2,2,3,3,2,2,1,1,1,1,1,1,1,1,0,0,-2,-2,-1,-1,-1,-1,-1,-1,-2,-2,-3,-3,-3,-3,-4,-4,-4,-4,-5,-5,-6,-6,-6,-6,-6,-6,-6,-6,-6,-6,-6,-6,-6,-6,-6,-6,-6,-6,-6,-6,-7,-7,-8,-8,-8,-8,-9,-9,0
0,0,0,1,1,1,0,0,0,0,0,0,-1,-1,-1,-1,0,1,2,2,2,2,2,2,2,2,2,2,2,2,1,1,1,1,1,1,0,0,0,0,-1,-1,-2,-2,-3,-3,-3,-3,-2,-2,-3,-3,-2,-2,-2,-2,-2,-2,-3,-3,-4,-4,-5,-5,-5,-5,-6,-6,-6,-6,-6,-6,-6,-6,-7,-7,-7,-7,-4,-4,-4,-4,-5,-5,-6,-6,-6,-6,-8,-8,-1
0,0,0,1,1,1,1,1,1,1,0,0,0,0,0,0,0,2,3,3,3,3,3,3,3,3,3,3,3,3,2,2,4,4,5,5,5,5,5,5,4,4,2,2,2,2,2,2,2,2,2,2,2,2,2,2,1,1,0,0,0,0,-1,-1,-1,-1,-2,-2,0,0,1,1,1,1,1,1,1,1,0,0,1,1,1,1,0,0,0,0,-1,-1,5
0,0,0,0,0,0,0,0,0,0,-1,-1,-1,-1,-1,-1,0,1,2,2,2,2,2,2,2,2,2,2,2,2,1,1,1,1,1,1,0,0,0,0,-1,-1,-2,-2,-2,-2,-2,-2,-2,-2,-3,-3,-4,-4,-4,-4,-4,-4,-5,-5,-6,-6,-7,-7,-7,-7,-7,-7,-7,-7,-7,-7,-7,-7,-8,-8,-8,-8,-6,-6,-6,-6,-6,-6,-6,-6,-7,-7,-7,-7,-7
0,0,0,0,0,0,0,0,0,0,0,0,0,0,0,0,1,2,3,3,2,2,2,2,2,2,2,2,3,3,2,2,1,1,1,1,0,0,0,0,-1,-1,-2,-2,-3,-3,-3,-3,-3,-3,-3,-3,-3,1,2,2,1,1,1,1,0,0,-1,-1,-2,-2,-3,-3,-4,-4,-4,-4,-4,-4,-5,-5,-6,-6,-7,-7,-7,-7,-8,-8,-9,-9,-10,-10,-10,-10,-3
0,0,0,1,1,1,1,1,2,2,2,2,1,1,1,1,2,3,4,4,4,4,3,3,3,3,4,4,4,4,3,3,3,3,2,2,2,2,2,2,1,1,-1,-1,-1,-1,-1,-1,-1,-1,-1,-1,-1,-1,-2,-2,-2,-2,-3,-3,-3,-3,-4,-4,-4,-4,-5,-5,-4,-4,-4,-4,-4,-4,-4,-4,-5,-5,-5,-5,-5,-5,-6,-6,-7,-7,-8,-8,-9,-9,0
0,0,0,1,1,1,1,1,1,1,1,1,1,1,1,1,1,2,3,3,3,3,3,3,3,3,3,3,3,3,2,2,2,2,2,2,1,1,1,1,0,0,-1,-1,-1,-1,-1,-1,-1,-1,-1,-1,-1,0,1,1,0,0,0,0,-1,-1,-2,-2,-2,-2,-2,-2,-2,-2,-2,-2,-1,-1,-2,-2,-1,-1,-1,-1,-1,-1,-2,-2,-2,-2,-3,-3,-3,-3,3
0,0,0,1,1,1,1,1,1,1,1,1,1,1,1,1,1,3,4,4,4,4,4,4,4,4,4,4,4,4,4,4,3,3,3,3,2,2,2,2,1,1,0,0,0,0,0,0,0,0,-1,-1,-1,0,1,1,0,0,-1,-1,-1,-1,-2,-2,-2,-2,-2,-2,-2,-2,-2,-2,-3,-3,-3,-3,-3,-3,-4,-4,-4,-4,-5,-5,-6,-6,-7,-7,-8,-8,-2
0,1,0,1,1,1,1,1,1,1,1,1,1,1,1,1,1,2,3,3,3,3,3,3,3,3,3,3,3,3,2,2,2,2,1,1,1,1,1,1,0,0,-1,-1,-1,-1,-1,-1,-1,-1,-2,-2,-1,-1,-1,-1,-1,-1,-2,-2,-3,-3,-4,-4,-4,-4,-5,-5,-4,-4,-4,-4,-4,-4,-4,-4,-4,-4,-1,-1,0,0,0,0,-1,-1,-1,-1,-2,-1,9
0,1,1,1,1,1,1,1,2,2,2,2,1,1,1,1,2,3,4,4,4,4,4,4,4,4,4,4,4,4,3,3,3,3,3,3,2,2,2,2,1,1,0,0,3,3,3,3,3,3,3,3,4,4,4,4,3,3,3,3,2,2,1,1,1,1,0,0,0,0,0,0,0,0,0,0,0,0,-1,-1,-1,-1,-2,-2,-3,-3,-4,-4,-5,-5,3
0,0,0,1,1,1,1,1,1,1,1,1,0,0,0,0,1,1,2,2,2,2,2,2,2,2,2,2,2,2,2,2,1,1,1,1,1,1,1,1,1,1,0,0,0,0,0,0,0,0,0,0,2,2,2,2,1,1,1,1,1,1,0,0,0,0,0,0,0,0,0,0,0,0,-1,-1,-1,-1,-1,-1,-1,-1,-2,-2,-3,-3,-4,-4,-4,-4,2
0,1,0,1,1,1,1,1,1,1,1,1,1,1,1,1,1,2,3,3,3,3,3,3,3,3,3,3,3,3,2,2,2,2,1,1,1,1,1,1,0,0,-1,-1,-1,-1,-1,-1,-1,-1,-2,-2,-1,-1,-1,-1,-1,-1,-1,-1,-1,-1,-2,-2,-3,-3,-3,-3,-3,-3,-3,-3,-3,-3,-3,-3,-3,-3,-3,-3,-3,-3,-4,-4,-5,-5,-6,-6,-7,-7,-1
0,2,3,4,4,4,4,4,4,4,4,4,4,4,4,4,5,7,8,8,8,8,7,7,7,7,7,7,8,8,7,7,7,7,6,6,6,6,6,6,5,5,3,3,3,3,3,3,3,3,4,4,6,6,6,6,6,8,9,9,8,8,7,7,7,7,6,6,6,6,6,6,6,6,6,6,5,5,5,5,5,5,4,4,3,3,5,5,4,4,13
0,1,0,0,1,1,0,0,1,1,1,1,0,0,0,0,1,2,2,2,2,2,2,2,2,2,2,2,2,2,2,2,1,1,1,1,1,1,0,0,-1,-1,-2,-2,-2,-2,-2,-2,-2,-2,-3,-3,-3,-3,-3,-3,-3,-2,-1,-1,-2,-2,-3,-3,-2,-2,-3,-3,-3,-3,-3,-3,-2,-2,-3,-3,-3,-3,-3,-3,-2,-2,-2,-2,-2,-2,-3,-3,-3,-3,6
0,0,-1,0,0,0,0,0,1,1,1,1,0,0,0,0,1,2,3,3,3,3,3,3,3,3,3,3,3,3,2,2,2,2,1,1,1,1,1,1,0,0,-2,-2,-1,-1,-1,-1,0,0,0,0,0,0,1,1,1,1,1,1,1,1,-1,-1,-1,-1,-2,-2,-3,-3,-3,-3,-3,-3,-3,-3,-4,-4,-5,-5,-5,-5,-6,-6,-7,-7,-8,-8,-9,-9,-3
0,0,0,1,1,1,1,1,1,1,1,1,1,1,1,1,2,3,3,3,3,3,3,3,3,3,3,3,3,3,3,3,2,2,2,2,1,1,1,1,0,0,-1,-1,-2,-2,-2,-2,-2,-2,-3,-3,-2,-2,-1,-1,-2,-2,-1,-1,-2,-2,-3,-3,-3,-3,-4,-4,-5,-5,-6,-6,-6,-6,-6,-6,-7,-7,-8,-8,-8,-8,-9,-9,-9,-9,-9,-9,-10,-10,-4
0,0,0,0,1,1,0,0,1,1,1,1,0,0,0,0,1,1,2,2,2,2,2,2,2,2,2,2,2,2,1,1,1,1,1,1,0,0,0,0,-1,-1,-2,-2,-2,-2,-2,-2,-2,-2,-2,-2,-2,-2,-2,-2,-3,-3,-3,-3,-4,-4,-4,-4,-4,-4,-5,-5,-5,-5,-5,-5,-4,-4,-4,-4,-4,-4,-4,-4,-4,-4,-4,-4,-4,-4,-5,-5,-5,-5,1
0,0,0,0,0,0,0,0,0,0,0,0,0,0,0,0,0,2,2,2,2,2,2,2,2,2,2,2,2,2,2,2,1,1,1,1,1,1,0,0,-1,-1,-2,-2,-2,-2,-2,-2,-2,-2,-3,-3,-3,-3,-2,-2,-3,-3,-4,-4,-4,-4,-5,-5,-5,-5,-6,-6,-6,-6,-6,-6,-6,-6,-7,-7,-7,-7,-7,-7,-8,-8,-8,-8,-9,-9,-9,-9,-10,-10,2
0,0,0,1,1,1,0,0,1,1,1,1,0,0,0,0,1,2,3,3,3,3,3,3,3,3,3,3,3,3,2,2,2,2,2,2,1,1,1,1,0,0,-1,-1,-1,-1,-1,-1,-1,-1,-2,-2,-2,-2,-2,-2,-3,-3,-4,-4,-4,-4,-5,-5,-5,-5,-6,-6,-6,-6,-6,-6,-6,-6,-6,-6,-7,-7,-7,-7,-7,-7,-8,-8,-8,-8,-9,-9,-9,-9,-2
0,0,0,1,1,1,1,1,0,0,0,0,0,0,0,0,0,3,3,3,3,3,3,3,3,3,3,3,4,4,3,3,3,3,2,2,2,2,2,2,0,0,-1,-1,-1,-1,-1,-1,-1,-1,-2,-2,-2,-2,-2,-2,-2,-2,-3,-3,-3,-3,-4,-4,-5,-5,-5,-5,-5,-5,-5,-5,-5,-5,-6,-6,-6,-6,-6,-6,-6,-6,-7,-7,-8,-8,-9,-9,-10,-10,-2
0,0,0,0,0,0,0,0,-1,-1,-1,-1,-1,-1,-1,-1,0,1,2,2,2,2,2,2,2,2,2,2,2,2,1,1,1,1,1,1,1,1,1,1,1,1,0,0,1,1,1,1,1,1,0,0,1,2,2,2,2,2,1,1,0,0,-1,-1,-1,-1,-2,-2,-3,-3,-3,-3,-4,-4,-4,-4,-4,-4,-6,-6,-6,-6,-7,-7,-8,-8,-9,-9,-11,-11,-5
0,0,0,1,1,1,1,1,0,0,0,0,-1,-1,0,0,0,2,3,3,3,3,2,2,2,2,2,2,3,3,2,2,1,1,1,1,2,2,2,2,2,2,1,1,2,2,2,2,2,2,1,1,1,1,1,1,0,0,0,0,0,0,-1,-1,-1,-1,-2,-2,-2,-2,-2,-2,-2,-2,-2,-2,-2,-2,-3,-3,-3,-3,-4,-4,-5,-5,-6,-6,-6,-6,0
0,0,0,1,1,1,0,0,0,0,0,0,0,0,0,0,1,1,2,2,2,2,2,2,2,2,2,2,2,2,1,1,1,1,1,1,1,1,2,2,1,1,1,1,1,1,1,1,1,1,0,0,0,0,0,0,-1,-1,-1,-1,-2,-2,-3,-3,-2,-2,-3,-3,-3,-3,-3,-3,-3,-3,-3,-3,-3,-3,-4,-4,-4,-4,-5,-5,-5,-5,-6,-6,-7,-7,0
0,1,1,2,2,2,2,2,1,1,1,1,1,1,1,1,1,3,4,4,4,4,4,4,4,4,4,4,4,4,3,3,3,3,3,3,3,5,5,5,5,5,5,5,5,5,5,5,6,6,5,5,6,6,7,7,6,6,6,6,5,5,4,4,4,4,3,3,3,3,3,3,3,3,3,3,3,3,3,3,2,2,2,2,1,1,0,0,0,1,9
0,1,1,2,2,2,1,1,1,1,1,1,0,0,0,0,1,3,4,4,3,3,3,3,3,3,3,3,4,4,3,3,3,3,2,2,3,3,3,3,3,3,2,2,3,3,3,3,3,3,3,3,2,2,2,2,2,2,1,1,1,1,0,0,0,0,-1,-1,-1,-1,-1,-1,-1,-1,-1,-1,-1,-1,-2,-2,-2,-2,-3,-3,-4,-4,-5,-5,-6,-6,-6
0,0,-1,0,0,0,0,0,0,0,-1,-1,-1,-1,-1,-1,-1,1,1,1,1,1,1,1,1,1,1,1,1,1,0,0,0,0,0,0,0,0,0,0,0,0,-1,-1,-1,-1,-1,-1,-1,-1,-1,-1,-1,-1,-2,-2,-2,-2,-2,-2,-3,-3,-4,-4,-4,-4,-5,-5,-5,-5,-5,-5,-5,-5,-5,-5,-5,-5,-6,-6,-6,-6,-7,-7,-7,-7,-8,-8,-8,-7,1
0,2,3,3,3,3,3,3,2,2,2,2,2,2,2,2,2,4,5,5,4,4,4,4,4,4,5,5,5,5,4,4,4,4,3,3,3,3,4,4,4,4,3,3,3,3,3,3,3,3,3,3,3,3,3,3,2,2,2,2,2,2,1,1,1,1,1,1,1,1,1,1,1,1,1,1,1,1,1,1,1,1,0,0,0,0,-1,-1,-2,-2,3
0,0,0,0,0,0,0,0,0,0,0,0,0,0,0,0,1,2,2,2,2,2,2,2,2,2,2,2,2,2,2,2,1,1,1,1,1,1,2,2,1,1,1,1,1,1,1,1,2,2,2,2,3,3,3,3,2,2,2,2,1,1,0,0,0,0,-1,-1,-1,-1,-2,-2,-2,-2,-2,-2,-3,-3,-3,-3,-4,-4,-5,-5,-5,-5,-6,-6,-7,-7,-1
0,0,-1,0,0,0,0,0,0,0,-1,-1,-1,-1,-1,-1,-1,1,2,2,2,2,2,2,2,2,2,2,2,2,1,1,1,1,1,1,1,1,1,1,1,1,0,0,1,1,1,1,1,1,0,0,0,3,4,4,3,3,2,2,2,2,1,1,0,0,0,0,0,0,0,0,0,0,0,0,0,0,-1,-1,-1,-1,-1,-1,-1,-1,-1,-1,-2,-2,3
0,1,1,2,2,2,2,2,1,1,1,1,1,1,0,0,1,3,4,4,4,4,4,4,4,4,4,4,4,4,3,3,3,3,3,3,3,4,5,5,4,4,4,4,4,4,7,7,8,8,8,8,9,9,9,9,8,10,12,12,12,13,13,13,13,13,12,12,12,12,12,12,12,12,11,11,11,11,11,11,11,11,10,10,10,10,10,10,9,9,14
0,0,0,2,2,2,1,1,1,1,1,1,0,0,0,0,1,1,2,2,2,2,2,2,2,2,2,2,2,2,1,1,1,1,1,1,0,0,1,1,0,0,0,0,0,0,0,0,0,0,0,0,0,0,-1,-1,-1,-1,-2,-2,-2,-2,-3,-3,-4,-4,-1,-1,-1,-1,-2,-2,-2,-2,-2,-2,-2,-2,-3,-3,-3,-3,-4,-4,-5,-5,-6,-6,-7,-7,0
0,0,0,2,3,3,2,2,2,2,2,2,1,1,1,1,2,3,4,4,3,3,3,3,3,3,3,3,4,4,3,3,2,2,2,2,2,2,2,2,2,2,1,1,2,2,1,1,2,2,1,1,2,2,2,2,1,1,1,1,0,0,-1,-1,-1,-1,0,0,0,0,0,0,0,0,0,0,0,0,0,0,-1,-1,-2,-2,-2,-2,-3,-3,-4,-4,1
0,0,0,1,1,1,1,1,1,1,0,0,0,0,0,0,0,1,2,2,2,2,2,2,2,2,2,2,2,2,1,1,1,1,1,1,0,0,1,1,1,1,0,0,0,0,0,0,0,0,0,0,0,0,-1,-1,-1,-1,-1,-1,-2,-2,-3,-3,-3,-3,-3,-3,-3,-3,-3,-3,-3,-3,-3,-3,-3,-3,-4,-4,-4,-4,-5,-5,-6,-6,-7,-7,-8,-8,0
0,0,0,1,1,1,0,0,0,0,0,0,0,0,0,0,0,3,3,3,3,3,3,3,3,3,3,3,4,4,3,3,3,3,3,3,3,3,4,4,4,4,3,3,4,4,4,4,4,4,4,4,4,4,4,4,3,3,3,3,3,3,2,2,2,2,1,1,1,1,1,1,1,1,1,1,1,1,1,1,1,1,0,0,-1,-1,-2,-2,-3,-3,2
0,0,0,2,3,3,3,3,3,3,2,2,2,2,2,2,3,4,5,5,4,4,4,4,4,4,4,4,5,5,4,4,4,4,4,4,4,4,4,4,4,4,4,4,4,4,4,4,5,5,4,4,4,4,4,4,4,4,3,3,3,3,2,2,2,2,1,1,1,1,1,1,1,1,1,1,1,1,1,1,1,1,0,0,-1,-1,-2,-2,-3,-3,3
0,0,0,1,1,1,1,1,1,1,0,0,0,0,0,0,0,2,2,2,2,2,2,2,2,2,2,2,3,3,2,2,1,1,1,1,1,1,2,2,1,1,1,1,1,1,1,1,1,1,1,1,1,1,1,1,0,0,0,0,0,0,-1,-1,-2,-2,-3,-3,-3,-3,-3,-3,-3,-3,-3,-3,-3,-3,-3,-3,-4,-4,-4,-4,-2,-2,-3,-3,-4,-4,3
0,0,1,2,2,2,2,2,1,1,1,1,0,0,1,1,1,2,3,3,3,3,3,3,3,3,3,3,3,3,2,2,2,2,2,2,2,3,3,3,3,3,2,2,3,3,3,3,4,4,3,3,3,4,5,5,4,4,3,3,3,3,1,1,1,1,0,0,0,0,-1,-1,-1,-1,-1,-1,-2,-2,-3,-3,-4,-4,-5,-5,-6,-6,-7,-7,-8,-8,1
0,0,0,3,3,3,2,2,2,2,2,2,1,1,2,2,2,4,5,5,5,5,5,5,5,5,5,5,6,6,5,5,4,4,4,4,4,4,4,4,4,4,4,4,5,5,5,5,5,5,5,5,5,5,5,5,5,5,4,4,3,3,2,2,2,2,0,0,0,0,0,0,0,0,-1,-1,-1,-1,-1,-1,-1,-1,0,0,0,0,-1,-1,-2,-2,4
0,12,12,13,13,13,12,12,12,12,12,12,11,11,12,12,13,14,14,14,14,14,14,14,14,14,14,14,14,14,14,14,13,13,13,13,13,13,13,13,13,13,12,12,13,13,13,13,13,13,13,13,13,13,13,13,12,12,12,12,11,11,10,10,10,10,9,9,9,9,9,9,9,9,9,9,8,8,8,8,8,8,7,7,6,6,5,5,4,4,11
0,0,1,4,4,4,3,3,3,3,3,3,2,2,2,2,3,5,6,6,6,6,6,6,6,6,6,6,6,6,5,5,5,5,5,5,5,5,5,5,5,5,4,4,5,5,5,5,6,6,5,5,6,6,5,5,6,5,5,5,4,4,84,84,85,85,84,84,84,84,84,84,84,84,83,83,83,83,83,83,83,83,82,82,81,81,80,80,79,79,81
0,0,1,2,2,2,2,2,2,2,2,2,1,1,2,2,2,6,7,7,8,8,7,7,7,7,7,7,7,7,7,7,7,7,6,6,6,6,7,7,7,7,6,6,7,7,7,7,7,7,7,7,7,7,7,7,7,7,7,7,6,6,5,5,5,5,4,4,4,4,4,4,4,4,4,4,6,6,6,6,6,6,5,5,4,4,3,3,2,2,7
0,0,0,3,3,3,3,3,2,2,2,2,2,2,2,2,3,4,5,5,4,4,4,4,4,4,4,4,5,5,4,4,3,3,3,3,3,3,3,3,3,3,2,2,2,2,2,2,3,3,2,2,2,2,1,1,1,1,0,0,-1,-1,-2,-2,-2,-2,-3,-3,-3,-3,-3,-3,-3,-3,-3,-3,-3,-3,-3,-3,-3,-3,-4,-4,-4,-4,-5,-5,-6,-6,0
0,0,0,1,1,1,0,0,0,0,0,0,-1,-1,-1,-1,0,1,2,2,2,2,2,2,2,2,2,2,2,2,1,1,1,1,1,1,1,2,2,2,2,2,1,1,2,2,2,2,2,2,2,2,2,2,2,2,1,1,1,1,0,0,-1,-1,-1,-1,-2,-2,-2,-2,-2,-2,-2,-2,-2,-2,-2,-2,-3,-3,-3,-3,-4,-4,-3,-3,-4,-4,-5,-5,0
0,0,0,2,2,2,2,2,1,1,1,1,1,1,0,0,1,2,3,3,3,3,3,3,3,3,3,3,3,3,2,2,2,2,2,2,2,2,3,3,2,2,2,2,2,2,2,2,3,3,2,2,2,2,2,2,1,1,1,1,0,0,-1,-1,-1,-1,-2,-2,-2,-2,-2,-2,-2,-2,-2,-2,-2,-2,-1,-1,0,0,-1,-1,-2,-2,-3,-3,-4,-4,3
0,0,0,2,2,2,2,2,1,1,1,1,1,1,1,1,2,3,4,4,4,4,4,4,4,4,4,4,4,4,3,3,3,3,3,3,4,4,5,5,4,4,4,4,5,7,9,9,10,10,10,10,10,10,10,10,9,9,9,9,8,8,7,7,7,7,7,7,7,7,6,6,7,7,6,6,6,6,6,6,6,6,5,5,5,6,6,6,5,5,11
0,0,0,2,3,3,3,3,2,2,2,2,2,2,1,1,2,5,6,6,6,6,6,6,5,5,6,6,6,6,5,5,5,5,4,4,4,4,5,5,5,5,4,4,4,4,5,5,5,5,4,4,4,4,4,4,3,3,3,3,2,2,1,1,1,1,0,0,0,0,0,0,0,0,0,0,-1,-1,-1,-1,-1,-1,-2,-2,-3,-3,-4,-4,-5,-5,-5
0,0,0,1,1,1,1,1,0,0,0,0,0,0,0,0,0,2,3,3,3,3,2,2,2,2,3,3,3,3,2,2,2,2,1,1,1,1,2,2,1,1,1,1,1,1,1,1,2,2,2,2,2,2,2,2,1,1,1,1,0,0,-1,-1,-1,-1,5,5,11,12,13,13,13,13,13,13,13,13,12,12,12,12,11,11,10,10,9,9,8,8,9
0,2,1,2,2,2,2,2,2,2,2,2,1,1,1,1,2,5,5,5,5,5,5,5,5,5,5,5,5,5,5,5,4,4,4,4,4,5,6,6,6,6,5,5,6,6,6,6,6,6,6,6,6,8,8,8,7,7,7,7,6,6,5,5,5,5,4,4,4,4,4,4,4,4,3,3,3,3,2,2,2,2,1,1,0,0,-1,-1,-2,-2,-1
0,0,1,2,2,2,2,2,2,2,2,2,1,1,1,1,2,4,5,5,5,5,5,5,5,5,5,5,5,5,4,4,4,4,4,4,5,5,6,6,6,6,5,5,6,6,6,6,7,7,6,6,6,6,6,6,6,6,5,5,5,5,4,4,4,4,3,3,3,3,3,3,3,3,3,3,3,3,2,2,2,2,1,1,0,0,0,0,0,3,5
0,0,0,2,3,3,2,2,2,2,2,2,1,1,1,1,2,4,5,5,4,4,4,4,4,4,5,5,5,5,5,5,4,4,4,4,4,4,4,4,4,4,3,3,4,4,4,4,4,4,4,4,4,4,4,4,3,3,3,3,2,2,1,1,1,1,0,0,0,0,-1,-1,-1,-1,-1,-1,-1,-1,-1,-1,-1,-1,-2,-2,-3,-3,-4,-4,-5,-5,-5
0,1,1,1,1,1,1,1,1,1,0,0,0,0,0,0,0,1,2,2,2,2,2,2,2,2,2,2,2,2,1,1,1,1,1,1,1,1,2,2,3,3,2,2,4,4,5,5,6,6,7,7,7,7,7,7,7,7,6,6,6,6,4,4,4,4,3,3,3,3,3,3,3,3,3,3,3,3,2,2,2,2,1,1,0,0,-1,-1,-2,-2,-2
0,1,2,5,5,5,5,5,5,5,5,5,4,4,4,4,5,8,9,9,9,9,8,8,9,9,9,9,9,9,8,8,8,8,9,9,9,9,10,10,10,10,9,9,11,11,12,12,12,12,12,12,13,13,13,13,13,13,13,13,13,13,12,12,13,13,12,12,13,13,13,13,14,14,14,14,14,14,14,14,15,15,15,15,14,14,14,14,13,13,15
0,1,1,1,1,1,0,0,0,0,0,0,-1,-1,-1,-1,0,1,2,2,2,2,2,2,2,2,2,2,2,2,1,1,1,1,1,1,1,2,2,2,2,2,2,2,2,2,2,2,3,3,2,2,2,2,2,2,1,1,1,1,0,0,-1,-1,-1,-1,-2,-2,-2,-2,-2,-2,-2,-2,-2,-2,-2,-2,-3,-3,-3,-3,-4,-4,-5,-5,-6,-6,-7,-7,-6
0,1,0,1,1,1,1,1,0,0,0,0,0,0,0,0,0,2,2,2,2,2,2,2,2,2,2,2,2,2,1,1,1,1,1,1,1,1,1,1,1,1,0,0,0,0,0,0,1,1,0,0,3,3,3,3,3,3,3,3,2,2,1,1,1,1,0,0,0,0,0,0,0,0,-1,-1,-1,-1,-1,-1,-2,-2,-3,-3,-3,-3,-4,-4,-6,-6,-5
0,3,4,5,5,5,5,5,4,4,4,4,3,3,3,3,4,7,7,7,7,7,7,7,7,7,7,7,8,8,7,7,6,6,6,6,7,8,9,9,9,9,8,8,8,8,9,9,9,9,9,9,9,9,9,9,9,9,9,9,8,8,7,7,7,7,6,6,7,7,6,6,6,6,6,6,6,6,6,6,6,6,5,5,4,4,3,3,2,2,3
0,0,0,0,0,0,0,0,0,0,0,0,-1,-1,-1,-1,0,1,2,2,2,2,2,2,2,2,2,2,2,2,1,1,1,1,1,1,2,3,3,3,3,3,2,2,3,3,3,3,3,3,3,3,2,2,2,2,1,1,1,1,1,1,0,0,0,0,-1,-1,-1,-1,-1,-1,0,0,-1,-1,0,0,-1,-1,-1,-1,-2,-2,-2,-2,-3,-3,-3,-3,-2
0,0,0,1,1,1,0,0,0,0,0,0,-1,-1,-1,-1,0,2,3,3,3,3,2,2,2,2,2,2,3,3,2,2,1,1,1,1,1,1,2,2,1,1,1,1,1,1,1,1,2,2,1,1,1,1,1,1,0,0,0,0,0,0,-1,-1,-2,-2,-2,-2,-2,-2,-2,-2,-2,-2,-2,-2,-2,-2,-2,-2,-3,-3,-3,-3,-4,-4,-5,-5,-6,-6,-6
0,2,2,2,2,2,1,1,1,1,1,1,0,0,0,0,1,2,2,2,2,2,2,2,2,2,2,2,3,3,2,2,1,1,1,1,1,1,1,1,1,1,0,0,1,1,1,1,2,2,1,1,2,2,2,2,1,1,1,1,0,0,-1,-1,-1,-1,-2,-2,-2,-2,-2,-2,-2,-2,-2,-2,-2,-2,-3,-3,-3,-3,-2,-2,-3,-3,-3,-3,-3,-3,0
0,20,19,20,20,20,20,20,19,19,19,19,18,18,18,18,19,20,21,21,20,20,20,20,20,20,20,20,20,20,20,20,19,19,19,19,19,19,19,19,19,20,19,19,20,20,20,20,20,20,21,21,21,21,21,21,20,20,20,20,19,19,18,18,18,18,17,17,17,17,17,17,17,17,16,16,16,16,16,16,15,15,14,14,14,14,12,12,11,11,12
0,1,1,1,1,1,1,1,1,1,0,0,0,0,0,0,1,1,2,2,2,2,2,2,2,2,2,2,2,2,1,1,1,1,1,1,1,1,2,2,1,1,0,0,1,1,1,1,2,3,3,3,8,9,10,10,9,9,8,8,7,7,6,6,6,6,5,5,5,5,4,4,4,4,4,4,3,3,6,6,6,6,5,5,4,4,3,3,1,1,2
0,1,1,2,2,2,1,1,1,1,1,1,0,0,0,0,1,2,3,3,3,3,3,3,3,3,3,3,3,3,2,2,2,2,2,2,2,2,3,3,2,2,2,2,2,2,2,2,3,3,2,2,2,2,2,2,1,1,1,1,0,0,0,0,0,0,-1,-1,-1,-1,-1,-1,-1,-1,-1,-1,-1,-1,-1,-1,-1,-1,-2,-2,-3,-3,-3,-3,-4,-4,-1
0,0,0,2,2,2,1,1,1,1,1,1,0,0,0,0,1,3,4,4,4,4,4,4,4,4,4,4,4,4,3,3,3,3,3,3,3,3,3,3,3,3,2,2,3,3,3,3,4,4,3,3,4,4,4,4,3,3,3,3,3,3,2,2,1,1,0,0,0,0,0,0,0,0,0,0,0,0,-1,-1,-1,-1,-2,-2,-3,-3,-4,-4,-5,-5,0
0,1,0,1,1,1,1,1,0,0,0,0,0,0,0,0,0,3,4,4,3,3,3,3,3,3,3,3,4,4,3,3,3,3,3,3,3,4,5,5,5,5,4,4,4,4,4,4,5,5,4,4,4,4,4,4,3,3,3,3,2,2,1,1,1,1,0,0,0,0,0,0,0,0,0,0,0,0,-1,-1,-1,-1,-2,-2,-2,-2,-3,-3,-4,-4,-3
0,0,0,1,0,0,0,0,0,0,0,0,-1,-1,-1,-1,-1,2,3,4,4,4,4,4,4,4,4,4,5,5,4,4,3,3,3,3,3,4,5,5,4,4,4,4,4,4,4,4,4,4,3,3,3,3,3,3,2,2,2,2,1,1,0,0,0,0,-1,-1,-1,-1,-2,-2,-2,-2,-2,-2,-2,-2,-3,-3,-3,-3,-4,-4,-5,-5,-5,-5,-6,-6,-6
0,1,1,2,2,2,2,2,1,1,1,1,1,1,1,1,1,3,3,3,3,3,3,3,3,3,3,3,3,3,3,3,2,2,2,2,2,4,5,5,4,4,4,4,4,4,4,4,4,4,4,4,3,3,3,3,3,3,2,2,1,1,0,0,0,0,-1,-1,-1,-1,-1,-1,-1,-1,-1,-1,-1,-1,-2,-2,-2,-2,-2,-2,-2,-2,-2,-2,-3,-3,-1
0,1,0,1,1,1,0,0,0,0,0,0,-1,-1,0,0,3,4,4,4,4,4,4,4,4,4,4,4,4,4,3,3,3,3,3,3,3,3,3,3,3,3,2,2,3,3,3,3,3,3,2,2,2,2,2,2,1,1,1,1,0,0,-1,-1,-1,-1,-2,-2,-2,-2,-2,-2,-2,-2,-3,-3,-3,-3,-3,-3,-4,-4,-5,-5,-5,-5,-6,-6,-7,-7,-4
0,1,0,2,2,2,1,1,1,1,1,1,0,0,0,0,1,1,2,2,1,1,1,1,1,1,2,2,2,2,1,1,0,0,0,0,0,0,0,0,0,0,-1,-1,-1,-1,0,0,0,0,-1,-1,0,0,0,0,-1,-1,-1,-1,-2,-2,-3,-3,-4,-4,-5,-5,-5,-5,-5,-5,-4,-4,-4,-4,-4,-4,-2,-2,-1,-1,-1,-1,0,0,-1,-1,-1,-1,1
0,1,1,2,2,2,1,1,1,1,1,1,0,0,0,0,1,4,5,5,4,4,4,4,4,4,4,4,5,5,4,4,4,4,3,3,3,3,4,4,3,3,3,3,3,3,3,3,4,4,4,4,4,4,4,4,3,3,3,3,2,2,1,1,1,1,1,1,1,1,1,1,1,1,0,0,0,0,0,0,-1,-1,-1,-1,-2,-2,-3,-3,-4,-4,-4
0,0,0,2,2,2,2,2,1,1,1,1,0,0,0,0,1,3,4,4,3,3,3,3,3,3,3,3,4,4,3,3,3,3,2,2,3,4,4,4,4,4,3,3,4,4,4,4,5,5,4,4,3,3,3,3,4,4,4,4,3,3,2,2,2,2,1,1,1,1,1,1,1,1,2,2,3,3,5,5,5,5,4,4,3,3,2,2,1,1,1
0,0,0,0,1,1,1,1,0,0,0,0,0,0,0,0,1,2,3,3,3,3,3,3,3,3,3,3,3,3,3,3,2,2,2,2,2,2,3,3,2,2,2,2,2,2,3,3,3,3,3,3,3,3,3,3,4,4,3,3,3,3,2,2,2,2,1,1,1,1,1,1,2,2,1,1,1,1,1,1,1,1,0,0,0,0,-1,-1,-1,-1,0
0,2,2,3,3,3,3,3,3,3,2,2,2,2,2,2,2,6,6,6,6,6,6,6,6,6,6,6,6,6,6,6,5,6,5,5,5,5,5,5,5,5,4,4,5,5,5,5,5,5,4,4,4,4,4,4,3,3,3,3,2,2,1,1,1,1,0,0,0,0,0,0,0,0,-1,-1,-1,-1,-2,-2,-2,-2,-3,-3,-4,-4,-5,-5,-6,-6,-6
0,1,1,1,1,1,1,1,0,0,0,0,0,0,0,0,1,2,3,3,3,3,3,3,3,3,3,3,3,3,2,2,2,2,2,2,2,2,2,2,2,2,1,1,2,2,2,2,3,3,2,2,2,2,2,2,1,1,1,1,1,1,0,0,0,0,-1,-1,-1,-1,-1,-1,-1,-1,-1,-1,-1,-1,0,0,0,0,-1,-1,-1,-1,-2,-2,-3,-3,-3
0,1,0,1,1,1,0,0,0,0,0,0,-1,-1,-1,-1,0,0,1,1,1,1,1,1,1,1,1,1,1,1,0,0,0,0,11,11,11,11,11,11,11,11,10,10,11,11,11,11,11,11,10,10,10,10,10,10,9,9,9,9,8,8,7,7,6,6,5,5,4,4,4,4,4,4,4,4,4,4,3,3,2,2,1,1,0,0,-1,-1,-2,-2,-2
0,1,1,1,1,1,1,1,2,2,1,1,1,1,1,1,2,3,4,4,3,3,3,3,3,3,3,3,4,4,3,3,3,3,3,3,3,3,4,4,4,4,3,3,3,3,4,4,4,4,3,3,4,4,4,4,3,3,3,3,2,2,1,1,1,1,1,1,1,1,1,1,1,1,1,1,1,1,0,0,0,0,-1,-1,-2,-2,-3,-3,-3,-3,3
0,1,0,0,0,0,0,0,0,0,0,0,0,0,0,0,0,3,4,4,3,3,3,3,3,3,3,3,3,3,3,3,2,2,2,2,2,2,2,2,2,2,1,1,1,1,1,1,1,1,1,1,0,0,0,0,-1,-1,-1,-1,-2,-2,-2,-2,-2,-2,-3,-3,-3,-3,-3,-3,-3,-3,-3,-3,-3,-3,-4,-4,-4,-4,-5,-5,-6,-6,-7,-7,-8,-8,-7
0,0,0,3,4,4,4,4,4,4,4,4,3,3,3,3,3,5,6,6,6,6,6,6,6,6,6,6,6,6,5,5,5,5,5,5,5,5,5,5,5,5,4,4,5,5,5,5,5,5,5,5,5,5,5,5,4,4,4,4,3,3,2,2,2,2,1,1,1,1,1,1,1,1,1,1,1,1,0,0,0,0,-1,-1,-2,-2,-3,-3,-4,-4,-2
0,1,0,1,1,1,1,1,1,1,1,1,0,0,0,0,1,2,3,3,3,3,2,2,2,2,2,2,3,3,2,2,2,2,1,1,2,3,4,4,3,3,3,3,3,3,3,3,4,4,3,3,4,4,3,3,3,3,2,2,2,2,1,1,1,1,0,0,0,0,0,0,0,0,-1,-1,-1,-1,-1,-1,-2,-2,-3,-3,-3,-3,-4,-4,-5,-5,-5
0,6,6,7,7,7,7,7,7,7,7,7,6,6,6,6,7,8,9,9,9,9,9,9,9,9,9,9,9,9,8,8,8,8,8,8,8,8,8,8,8,8,7,7,7,7,7,7,8,8,7,7,7,7,7,7,6,6,6,6,5,5,4,4,4,4,3,3,3,3,3,3,3,3,3,3,2,2,2,2,2,2,0,0,0,0,-1,-1,-2,-2,-2
0,1,1,2,2,2,2,2,2,2,2,2,2,2,2,2,2,5,5,5,5,5,5,5,5,5,5,5,5,5,5,5,4,4,4,4,4,4,4,4,4,4,3,3,4,4,4,4,5,5,4,4,4,4,4,4,3,3,3,3,2,2,1,1,1,1,0,0,-1,-1,-1,-1,-1,-1,-2,-2,-2,-2,-3,-3,-3,-3,-4,-4,-3,-3,-4,-4,-5,-5,-5
0,0,0,0,0,0,0,0,0,0,0,0,0,0,0,0,0,2,3,3,3,3,3,3,3,3,3,3,3,3,2,2,2,2,1,1,2,2,3,3,2,2,2,2,2,2,2,2,2,2,2,2,1,1,1,1,1,1,0,0,0,0,-1,-1,-2,-2,-2,-2,-2,-2,-2,-2,-2,-2,-2,-2,-3,-3,-3,-3,-3,-3,-4,-4,-5,-5,-6,-6,-6,-6,-5
0,0,0,1,1,1,0,0,1,1,1,1,0,0,0,0,1,4,4,4,4,4,4,4,4,4,4,4,5,5,5,5,5,5,5,5,6,7,7,7,7,7,6,6,7,7,7,7,8,8,7,7,7,7,7,7,6,6,6,6,5,5,4,4,4,4,3,3,3,3,3,3,3,3,2,2,2,2,2,2,1,1,0,0,0,0,-2,-2,-3,-3,-3
0,0,0,0,0,0,0,0,0,0,0,0,0,0,0,0,0,1,1,1,1,1,1,1,1,1,1,1,1,1,1,1,0,0,0,0,0,0,0,0,0,0,-1,-1,0,0,0,0,1,1,1,1,0,0,0,0,0,0,-1,-1,-1,-1,-2,-2,-2,-2,-3,-3,-3,-3,-3,-3,-3,-3,-3,-3,-3,-3,-3,-3,-4,-4,-4,-4,-5,-5,-6,-6,-7,-7,-6
0,1,1,2,3,3,3,3,3,3,3,3,2,2,2,2,3,6,6,6,6,6,6,6,6,6,6,6,7,7,6,6,6,6,5,5,5,5,6,6,5,5,5,5,5,5,5,5,6,6,5,5,5,5,5,5,4,4,4,4,4,4,2,2,2,2,1,1,1,1,1,1,1,1,1,1,1,1,0,0,0,0,-1,-1,-2,-2,-3,-3,-3,-2,-1
0,0,0,0,0,0,0,0,0,0,0,0,0,0,0,0,0,2,2,2,2,2,2,2,2,2,2,2,2,2,2,2,1,1,1,1,1,3,4,4,3,3,3,3,3,3,3,3,3,3,6,6,7,7,7,7,7,7,6,6,6,6,5,5,5,5,4,4,4,4,3,3,3,3,3,3,3,3,2,2,2,2,1,1,0,0,-1,-1,-2,-2,-1
0,1,0,2,2,2,2,2,2,2,2,2,2,2,2,2,2,4,4,4,5,5,4,4,4,4,4,4,4,4,4,4,3,3,3,3,3,3,3,3,3,3,2,2,3,3,3,3,4,4,8,8,8,8,8,8,8,8,8,8,7,7,6,6,6,6,5,5,5,5,5,5,5,5,5,5,5,5,4,4,4,4,3,3,2,2,1,1,0,0,-1
0,0,0,0,0,0,0,0,0,0,0,0,0,0,0,0,0,2,2,2,2,2,2,2,2,2,2,2,2,2,2,2,1,1,1,1,1,1,1,1,1,1,0,0,1,1,1,1,1,1,1,1,0,0,0,0,0,0,-1,-1,-2,-2,-3,-3,-3,-3,-3,-3,-3,-3,-2,-2,-1,-1,-2,-2,-2,-2,-3,-3,-3,-3,-4,-4,-5,-5,-6,-6,-7,-7,-7
0,1,1,1,2,2,2,2,2,2,2,2,2,2,2,2,2,4,4,4,4,4,4,4,4,4,5,5,5,5,4,4,4,4,4,4,4,4,4,4,4,4,3,3,3,3,4,4,4,4,4,4,4,4,4,4,4,4,4,4,3,3,2,2,2,2,1,1,1,1,1,1,1,1,1,1,1,1,0,0,0,0,-1,-1,-1,-1,-2,-2,-3,-3,-2
